wind_mps,roof_pitch_deg,diameter_in,beta_scale,beta_prescribed,V3_mps,V4_mps,vn3_mps,vn4_mps,vt3_mps,vt4_mps,Fn3_N,Fn4_N,Fn_evidence_status,Fn4_evidence_status
0.0,15.0,1.0,0.0,0.0,19.490052240941598,19.490052240941598,18.82594481524862,18.82594481524862,5.044396709998749,5.044396709998749,759.7347313994975,759.7347313994975,published_analytical_application,published_analytical_application
0.0,15.0,1.0,0.5,0.0033749999999999995,19.490052240941598,19.555831167254773,18.82594481524862,18.889482379000082,5.044396709998749,5.061421548894994,759.7347313994975,762.488155724508,published_analytical_application,published_analytical_application
0.0,15.0,1.0,1.0,0.006749999999999999,19.490052240941598,19.621610093567956,18.82594481524862,18.95301994275155,5.044396709998749,5.0784463877912405,759.7347313994975,765.2438651995716,published_analytical_application,published_analytical_application
0.0,15.0,1.0,1.5,0.010124999999999999,19.490052240941598,19.68738901988113,18.82594481524862,19.016557506503013,5.044396709998749,5.0954712266874855,759.7347313994975,768.0018800355929,published_analytical_application,published_analytical_application
0.0,15.0,1.0,2.0,0.013499999999999998,19.490052240941598,19.75316794619431,18.82594481524862,19.080095070254476,5.044396709998749,5.1124960655837315,759.7347313994975,770.7622205711953,published_analytical_application,published_analytical_application
0.0,15.0,1.25,0.0,0.0,21.493763272124202,21.493763272124202,20.761381048688197,20.761381048688197,5.562995285750818,5.562995285750818,1258.2562218712808,1258.2562218712808,published_analytical_application,published_analytical_application
0.0,15.0,1.25,0.5,0.003893652777777778,21.493763272124202,21.577452523193607,20.761381048688197,20.842218657678927,5.562995285750818,5.584655657797946,1258.2562218712808,1263.7372586596257,published_analytical_application,published_analytical_application
0.0,15.0,1.25,1.0,0.007787305555555556,21.493763272124202,21.661141774263008,20.761381048688197,20.92305626666965,5.562995285750818,5.606316029845074,1258.2562218712808,1269.2263450871505,published_analytical_application,published_analytical_application
0.0,15.0,1.25,1.5,0.011680958333333335,21.493763272124202,21.744831025332413,20.761381048688197,21.00389387566038,5.562995285750818,5.6279764018922025,1258.2562218712808,1274.7235580949634,published_analytical_application,published_analytical_application
0.0,15.0,1.25,2.0,0.015574611111111112,21.493763272124202,21.828520276401818,20.761381048688197,21.08473148465111,5.562995285750818,5.649636773939331,1258.2562218712808,1280.2289753034581,published_analytical_application,published_analytical_application
0.0,15.0,1.5,0.0,0.0,23.197562128485032,23.197562128485032,22.4071243668489,22.4071243668489,6.003970878800894,6.003970878800894,1902.1122891125897,1902.1122891125897,published_analytical_application,published_analytical_application
0.0,15.0,1.5,0.5,0.004448930555555556,23.197562128485032,23.300766471452846,22.4071243668489,22.506812107106708,6.003970878800894,6.030682128298257,1902.1122891125897,1911.9643453120507,published_analytical_application,published_analytical_application
0.0,15.0,1.5,1.0,0.008897861111111112,23.197562128485032,23.40397081442066,22.4071243668489,22.606499847364514,6.003970878800894,6.057393377795619,1902.1122891125897,1921.8386219019872,published_analytical_application,published_analytical_application
0.0,15.0,1.5,1.5,0.013346791666666667,23.197562128485032,23.50717515738848,22.4071243668489,22.706187587622328,6.003970878800894,6.084104627292984,1902.1122891125897,1931.7353642036635,published_analytical_application,published_analytical_application
0.0,15.0,1.5,2.0,0.017795722222222223,23.197562128485032,23.610379500356295,22.4071243668489,22.805875327880134,6.003970878800894,6.1108158767903475,1902.1122891125897,1941.6548204425092,published_analytical_application,published_analytical_application
0.0,15.0,1.75,0.0,0.0,24.65836052787257,24.65836052787257,23.81814726781906,23.81814726781906,6.382053325617668,6.382053325617668,2697.5221380170296,2697.5221380170296,published_analytical_application,published_analytical_application
0.0,15.0,1.75,0.5,0.0050416666666666665,24.65836052787257,24.782679762200594,23.81814726781906,23.93823042696098,6.382053325617668,6.414229511134323,2697.5221380170296,2713.9695833333485,published_analytical_application,published_analytical_application
0.0,15.0,1.75,1.0,0.010083333333333333,24.65836052787257,24.906998996528618,23.81814726781906,24.0583135861029,6.382053325617668,6.446405696650979,2697.5221380170296,2730.4695780230863,published_analytical_application,published_analytical_application
0.0,15.0,1.75,1.5,0.015125,24.65836052787257,25.031318230856645,23.81814726781906,24.178396745244825,6.382053325617668,6.478581882167635,2697.5221380170296,2747.022806447332,published_analytical_application,published_analytical_application
0.0,15.0,1.75,2.0,0.020166666666666666,24.65836052787257,25.155637465184668,23.81814726781906,24.298479904386745,6.382053325617668,6.510758067684291,2697.5221380170296,2763.629963465334,published_analytical_application,published_analytical_application
0.0,15.0,2.0,0.0,0.0,25.91243868330134,25.91243868330134,25.029493746332662,25.029493746332662,6.7066326362896715,6.7066326362896715,3647.703755810834,3647.703755810834,published_analytical_application,published_analytical_application
0.0,15.0,2.0,0.5,0.005671458333333333,25.91243868330134,26.059399999608736,25.029493746332662,25.171447477219417,6.7066326362896715,6.744669023843363,3647.703755810834,3673.635930104278,published_analytical_application,published_analytical_application
0.0,15.0,2.0,1.0,0.011342916666666666,25.91243868330134,26.206361315916137,25.029493746332662,25.31340120810617,6.7066326362896715,6.782705411397054,3647.703755810834,3699.6792941749773,published_analytical_application,published_analytical_application
0.0,15.0,2.0,1.5,0.017014374999999998,25.91243868330134,26.353322632223534,25.029493746332662,25.455354938992922,6.7066326362896715,6.820741798950745,3647.703755810834,3725.8355623554435,published_analytical_application,published_analytical_application
0.0,15.0,2.0,2.0,0.022685833333333332,25.91243868330134,26.50028394853093,25.029493746332662,25.597308669879673,6.7066326362896715,6.858778186504433,3647.703755810834,3752.1064821164973,published_analytical_application,published_analytical_application
0.0,15.0,2.5,0.0,0.0,27.891703804293886,27.891703804293886,26.94131704377252,26.94131704377252,7.218904144909688,7.218904144909688,6008.027088037336,6008.027088037336,published_analytical_application,published_analytical_application
0.0,15.0,2.5,0.5,0.007041666666666666,27.891703804293886,28.08810788524912,26.94131704377252,27.13102881795575,7.218904144909688,7.2697372615967595,6008.027088037336,6064.550517644352,published_analytical_application,published_analytical_application
0.0,15.0,2.5,1.0,0.014083333333333331,27.891703804293886,28.284511966204356,26.94131704377252,27.320740592138982,7.218904144909688,7.320570378283833,6008.027088037336,6121.464305797797,published_analytical_application,published_analytical_application
0.0,15.0,2.5,1.5,0.021124999999999998,27.891703804293886,28.480916047159596,26.94131704377252,27.51045236632222,7.218904144909688,7.371403494970906,6008.027088037336,6178.776752678265,published_analytical_application,published_analytical_application
0.0,15.0,2.5,2.0,0.028166666666666663,27.891703804293886,28.677320128114832,26.94131704377252,27.70016414050545,7.218904144909688,7.422236611657979,6008.027088037336,6236.496396736829,published_analytical_application,published_analytical_application
0.0,15.0,3.0,0.0,0.0,29.257873487113116,29.257873487113116,28.26093562350076,28.26093562350076,7.572494877664975,7.572494877664975,8934.249159789733,8934.249159789733,published_analytical_application,published_analytical_application
0.0,15.0,3.0,0.5,0.00855998611111111,29.257873487113116,29.50832047780345,28.26093562350076,28.502848839924933,7.572494877664975,7.637315328644248,8934.249159789733,9041.817455920647,published_analytical_application,published_analytical_application
0.0,15.0,3.0,1.0,0.01711997222222222,29.257873487113116,29.758767468493783,28.26093562350076,28.744762056349103,7.572494877664975,7.702135779623518,8934.249159789733,9150.460006884045,published_analytical_application,published_analytical_application
0.0,15.0,3.0,1.5,0.02567995833333333,29.257873487113116,30.00921445918412,28.26093562350076,28.986675272773276,7.572494877664975,7.766956230602792,8934.249159789733,9260.207107418772,published_analytical_application,published_analytical_application
0.0,15.0,3.0,2.0,0.03423994444444444,29.257873487113116,30.25966144987445,28.26093562350076,29.228588489197445,7.572494877664975,7.831776681582063,8934.249159789733,9371.090252975408,published_analytical_application,published_analytical_application
0.0,15.0,3.25,0.0,0.0,29.731738339645776,29.731738339645776,28.71865392273272,28.71865392273272,7.695140126305125,7.695140126305125,10574.900604060844,10574.900604060844,published_analytical_application,published_analytical_application
0.0,15.0,3.25,0.5,0.009375,29.731738339645776,30.010473386579953,28.71865392273272,28.987891303258337,7.695140126305125,7.767282064989235,10574.900604060844,10717.229921514067,published_analytical_application,published_analytical_application
0.0,15.0,3.25,1.0,0.01875,29.731738339645776,30.289208433514137,28.71865392273272,29.25712868378396,7.695140126305125,7.839424003673347,10574.900604060844,10861.21404282477,published_analytical_application,published_analytical_application
0.0,15.0,3.25,1.5,0.028124999999999997,29.731738339645776,30.567943480448314,28.71865392273272,29.526366064309578,7.695140126305125,7.9115659423574565,10574.900604060844,11006.905779079738,published_analytical_application,published_analytical_application
0.0,15.0,3.25,2.0,0.0375,29.731738339645776,30.846678527382494,28.71865392273272,29.795603444835198,7.695140126305125,7.983707881041568,10574.900604060844,11154.360342538455,published_analytical_application,published_analytical_application
0.0,30.0,1.0,0.0,0.0,19.490052240941598,19.490052240941598,16.878880361741253,16.878880361741253,9.745026120470797,9.745026120470797,676.364678078909,676.364678078909,published_analytical_application,published_analytical_application
0.0,30.0,1.0,0.5,0.0033749999999999995,19.490052240941598,19.555831167254773,16.878880361741253,16.935846582962125,9.745026120470797,9.777915583627385,676.364678078909,678.7786857110161,published_analytical_application,published_analytical_application
0.0,30.0,1.0,1.0,0.006749999999999999,19.490052240941598,19.621610093567956,16.878880361741253,16.992812804183007,9.745026120470797,9.810805046783976,676.364678078909,681.1940769213654,published_analytical_application,published_analytical_application
0.0,30.0,1.0,1.5,0.010124999999999999,19.490052240941598,19.68738901988113,16.878880361741253,17.049779025403883,9.745026120470797,9.843694509940564,676.364678078909,683.610863750391,published_analytical_application,published_analytical_application
0.0,30.0,1.0,2.0,0.013499999999999998,19.490052240941598,19.75316794619431,16.878880361741253,17.106745246624758,9.745026120470797,9.876583973097153,676.364678078909,686.0290583049324,published_analytical_application,published_analytical_application
0.0,30.0,1.25,0.0,0.0,21.493763272124202,21.493763272124202,18.614145016588502,18.614145016588502,10.746881636062097,10.746881636062097,1115.3618839644164,1115.3618839644164,published_analytical_application,published_analytical_application
0.0,30.0,1.25,0.5,0.003893652777777778,21.493763272124202,21.577452523193607,18.614145016588502,18.686622034038297,10.746881636062097,10.7887262615968,1115.3618839644164,1120.1073550689523,published_analytical_application,published_analytical_application
0.0,30.0,1.25,1.0,0.007787305555555556,21.493763272124202,21.661141774263008,18.614145016588502,18.759099051488096,10.746881636062097,10.8305708871315,1115.3618839644164,1124.8578286584327,published_analytical_application,published_analytical_application
0.0,30.0,1.25,1.5,0.011680958333333335,21.493763272124202,21.744831025332413,18.614145016588502,18.831576068937892,10.746881636062097,10.872415512666203,1115.3618839644164,1129.6133489557026,published_analytical_application,published_analytical_application
0.0,30.0,1.25,2.0,0.015574611111111112,21.493763272124202,21.828520276401818,18.614145016588502,18.90405308638769,10.746881636062097,10.914260138200907,1115.3618839644164,1134.3739605109554,published_analytical_application,published_analytical_application
0.0,30.0,1.5,0.0,0.0,23.197562128485032,23.197562128485032,20.089678109135853,20.089678109135853,11.598781064242512,11.598781064242512,1678.803240466636,1678.803240466636,published_analytical_application,published_analytical_application
0.0,30.0,1.5,0.5,0.004448930555555556,23.197562128485032,23.300766471452846,20.089678109135853,20.179055691926862,11.598781064242512,11.650383235726421,1678.803240466636,1687.2288225801644,published_analytical_application,published_analytical_application
0.0,30.0,1.5,1.0,0.008897861111111112,23.197562128485032,23.40397081442066,20.089678109135853,20.26843327471787,11.598781064242512,11.701985407210326,1678.803240466636,1695.6682461075288,published_analytical_application,published_analytical_application
0.0,30.0,1.5,1.5,0.013346791666666667,23.197562128485032,23.50717515738848,20.089678109135853,20.357810857508884,11.598781064242512,11.753587578694239,1678.803240466636,1704.121647017094,published_analytical_application,published_analytical_application
0.0,30.0,1.5,2.0,0.017795722222222223,23.197562128485032,23.610379500356295,20.089678109135853,20.447188440299893,11.598781064242512,11.805189750178144,1678.803240466636,1712.5891625972583,published_analytical_application,published_analytical_application
0.0,30.0,1.75,0.0,0.0,24.65836052787257,24.65836052787257,21.354766632813106,21.354766632813106,12.329180263936282,12.329180263936282,2370.675424061281,2370.675424061281,published_analytical_application,published_analytical_application
0.0,30.0,1.75,0.5,0.0050416666666666665,24.65836052787257,24.782679762200594,21.354766632813106,21.462430247920206,12.329180263936282,12.391339881100295,2370.675424061281,2384.57492712082,published_analytical_application,published_analytical_application
0.0,30.0,1.75,1.0,0.010083333333333333,24.65836052787257,24.906998996528618,21.354766632813106,21.570093863027306,12.329180263936282,12.453499498264307,2370.675424061281,2398.506954961302,published_analytical_application,published_analytical_application
0.0,30.0,1.75,1.5,0.015125,24.65836052787257,25.031318230856645,21.354766632813106,21.677757478134406,12.329180263936282,12.51565911542832,2370.675424061281,2412.471873744211,published_analytical_application,published_analytical_application
0.0,30.0,1.75,2.0,0.020166666666666666,24.65836052787257,25.155637465184668,21.354766632813106,21.785421093241506,12.329180263936282,12.577818732592332,2370.675424061281,2426.470054169643,published_analytical_application,published_analytical_application
0.0,30.0,2.0,0.0,0.0,25.91243868330134,25.91243868330134,22.44083017374555,22.44083017374555,12.956219341650668,12.956219341650668,3192.465866997778,3192.465866997778,published_analytical_application,published_analytical_application
0.0,30.0,2.0,0.5,0.005671458333333333,25.91243868330134,26.059399999608736,22.44083017374555,22.56810240704136,12.956219341650668,13.029699999804366,3192.465866997778,3214.1328531607383,published_analytical_application,published_analytical_application
0.0,30.0,2.0,1.0,0.011342916666666666,25.91243868330134,26.206361315916137,22.44083017374555,22.695374640337167,12.956219341650668,13.103180657958067,3192.465866997778,3235.867957651351,published_analytical_application,published_analytical_application
0.0,30.0,2.0,1.5,0.017014374999999998,25.91243868330134,26.353322632223534,22.44083017374555,22.822646873632973,12.956219341650668,13.176661316111765,3192.465866997778,3257.672067486388,published_analytical_application,published_analytical_application
0.0,30.0,2.0,2.0,0.022685833333333332,25.91243868330134,26.50028394853093,22.44083017374555,22.94991910692878,12.956219341650668,13.250141974265464,3192.465866997778,3279.5460833769885,published_analytical_application,published_analytical_application
0.0,30.0,2.5,0.0,0.0,27.891703804293886,27.891703804293886,24.154924049349578,24.154924049349578,13.94585190214694,13.94585190214694,5218.0821459226045,5218.0821459226045,published_analytical_application,published_analytical_application
0.0,30.0,2.5,0.5,0.007041666666666666,27.891703804293886,28.08810788524912,24.154924049349578,24.325014972863745,13.94585190214694,14.044053942624558,5218.0821459226045,5264.346087629083,published_analytical_application,published_analytical_application
0.0,30.0,2.5,1.0,0.014083333333333331,27.891703804293886,28.284511966204356,24.154924049349578,24.495105896377915,13.94585190214694,14.142255983102176,5218.0821459226045,5310.84351973354,published_analytical_application,published_analytical_application
0.0,30.0,2.5,1.5,0.021124999999999998,27.891703804293886,28.480916047159596,24.154924049349578,24.66519681989209,13.94585190214694,14.240458023579794,5218.0821459226045,5357.578486540387,published_analytical_application,published_analytical_application
0.0,30.0,2.5,2.0,0.028166666666666663,27.891703804293886,28.677320128114832,24.154924049349578,24.83528774340626,13.94585190214694,14.338660064057414,5218.0821459226045,5404.555123345936,published_analytical_application,published_analytical_application
0.0,30.0,3.0,0.0,0.0,29.257873487113116,29.257873487113116,25.33806170055116,25.33806170055116,14.628936743556554,14.628936743556554,7709.673723054323,7709.673723054323,published_analytical_application,published_analytical_application
0.0,30.0,3.0,0.5,0.00855998611111111,29.257873487113116,29.50832047780345,25.33806170055116,25.554955156790356,14.628936743556554,14.754160238901724,7709.673723054323,7796.257033175675,published_analytical_application,published_analytical_application
0.0,30.0,3.0,1.0,0.01711997222222222,29.257873487113116,29.758767468493783,25.33806170055116,25.771848613029547,14.628936743556554,14.87938373424689,7709.673723054323,7883.469086994446,published_analytical_application,published_analytical_application
0.0,30.0,3.0,1.5,0.02567995833333333,29.257873487113116,30.00921445918412,25.33806170055116,25.988742069268742,14.628936743556554,15.004607229592057,7709.673723054323,7971.323952136811,published_analytical_application,published_analytical_application
0.0,30.0,3.0,2.0,0.03423994444444444,29.257873487113116,30.25966144987445,25.33806170055116,26.205635525507933,14.628936743556554,15.129830724937221,7709.673723054323,8059.836126682618,published_analytical_application,published_analytical_application
0.0,30.0,3.25,0.0,0.0,29.731738339645776,29.731738339645776,25.74844070080501,25.74844070080501,14.865869169822885,14.865869169822885,9101.388768936878,9101.388768936878,published_analytical_application,published_analytical_application
0.0,30.0,3.25,0.5,0.009375,29.731738339645776,30.010473386579953,25.74844070080501,25.989832332375055,14.865869169822885,15.005236693289975,9101.388768936878,9215.205176916093,published_analytical_application,published_analytical_application
0.0,30.0,3.25,1.0,0.01875,29.731738339645776,30.289208433514137,25.74844070080501,26.231223963945105,14.865869169822885,15.144604216757067,9101.388768936878,9329.98201672373,published_analytical_application,published_analytical_application
0.0,30.0,3.25,1.5,0.028124999999999997,29.731738339645776,30.567943480448314,25.74844070080501,26.47261559551515,14.865869169822885,15.283971740224155,9101.388768936878,9445.743361100633,published_analytical_application,published_analytical_application
0.0,30.0,3.25,2.0,0.0375,29.731738339645776,30.846678527382494,25.74844070080501,26.7140072270852,14.865869169822885,15.423339263691245,9101.388768936878,9562.51412271689,published_analytical_application,published_analytical_application
0.0,45.0,1.0,0.0,0.0,19.490052240941598,19.490052240941598,13.781548105249872,13.781548105249872,13.78154810524987,13.78154810524987,546.879448312299,546.879448312299,published_analytical_application,published_analytical_application
0.0,45.0,1.0,0.5,0.0033749999999999995,19.490052240941598,19.555831167254773,13.781548105249872,13.828060830105088,13.78154810524987,13.828060830105086,546.879448312299,548.8023509950124,published_analytical_application,published_analytical_application
0.0,45.0,1.0,1.0,0.006749999999999999,19.490052240941598,19.621610093567956,13.781548105249872,13.87457355496031,13.78154810524987,13.874573554960309,546.879448312299,550.725800257853,published_analytical_application,published_analytical_application
0.0,45.0,1.0,1.5,0.010124999999999999,19.490052240941598,19.68738901988113,13.781548105249872,13.921086279815526,13.78154810524987,13.921086279815524,546.879448312299,552.6498008710656,published_analytical_application,published_analytical_application
0.0,45.0,1.0,2.0,0.013499999999999998,19.490052240941598,19.75316794619431,13.781548105249872,13.967599004670745,13.78154810524987,13.967599004670744,546.879448312299,554.57435763028,published_analytical_application,published_analytical_application
0.0,45.0,1.25,0.0,0.0,21.493763272124202,21.493763272124202,15.19838576293738,15.19838576293738,15.198385762937379,15.198385762937379,896.6355094191476,896.6355094191476,published_analytical_application,published_analytical_application
0.0,45.0,1.25,0.5,0.003893652777777778,21.493763272124202,21.577452523193607,15.19838576293738,15.25756299988098,15.198385762937379,15.257562999880978,896.6355094191476,900.3538860550209,published_analytical_application,published_analytical_application
0.0,45.0,1.25,1.0,0.007787305555555556,21.493763272124202,21.661141774263008,15.19838576293738,15.316740236824577,15.198385762937379,15.316740236824575,896.6355094191476,904.0744225809008,published_analytical_application,published_analytical_application
0.0,45.0,1.25,1.5,0.011680958333333335,21.493763272124202,21.744831025332413,15.19838576293738,15.375917473768178,15.198385762937379,15.375917473768174,896.6355094191476,907.7971359955266,published_analytical_application,published_analytical_application
0.0,45.0,1.25,2.0,0.015574611111111112,21.493763272124202,21.828520276401818,15.19838576293738,15.435094710711777,15.198385762937379,15.435094710711775,896.6355094191476,911.5220434036767,published_analytical_application,published_analytical_application
0.0,45.0,1.5,0.0,0.0,23.197562128485032,23.197562128485032,16.40315348804801,16.40315348804801,16.403153488048005,16.403153488048005,1341.7933671517455,1341.7933671517455,published_analytical_application,published_analytical_application
0.0,45.0,1.5,0.5,0.004448930555555556,23.197562128485032,23.300766471452846,16.40315348804801,16.47612997880845,16.403153488048005,16.476129978808448,1341.7933671517455,1348.2907797521466,published_analytical_application,published_analytical_application
0.0,45.0,1.5,1.0,0.008897861111111112,23.197562128485032,23.40397081442066,16.40315348804801,16.549106469568894,16.403153488048005,16.549106469568894,1341.7933671517455,1354.794322815695,published_analytical_application,published_analytical_application
0.0,45.0,1.5,1.5,0.013346791666666667,23.197562128485032,23.50717515738848,16.40315348804801,16.622082960329344,16.403153488048005,16.62208296032934,1341.7933671517455,1361.3040466385044,published_analytical_application,published_analytical_application
0.0,45.0,1.5,2.0,0.017795722222222223,23.197562128485032,23.610379500356295,16.40315348804801,16.695059451089787,16.403153488048005,16.695059451089787,1341.7933671517455,1367.8200018976588,published_analytical_application,published_analytical_application
0.0,45.0,1.75,0.0,0.0,24.65836052787257,24.65836052787257,17.436093942201392,17.436093942201392,17.43609394220139,17.43609394220139,1884.060941725705,1884.060941725705,published_analytical_application,published_analytical_application
0.0,45.0,1.75,0.5,0.0050416666666666665,24.65836052787257,24.782679762200594,17.436093942201392,17.524000915826658,17.43609394220139,17.524000915826655,1884.060941725705,1894.6172364594827,published_analytical_application,published_analytical_application
0.0,45.0,1.75,1.0,0.010083333333333333,24.65836052787257,24.906998996528618,17.436093942201392,17.61190788945192,17.43609394220139,17.611907889451917,1884.060941725705,1905.1880072126933,published_analytical_application,published_analytical_application
0.0,45.0,1.75,1.5,0.015125,24.65836052787257,25.031318230856645,17.436093942201392,17.69981486307719,17.43609394220139,17.699814863077187,1884.060941725705,1915.773384106501,published_analytical_application,published_analytical_application
0.0,45.0,1.75,2.0,0.020166666666666666,24.65836052787257,25.155637465184668,17.436093942201392,17.787721836702453,17.43609394220139,17.787721836702453,1884.060941725705,1926.3734984621194,published_analytical_application,published_analytical_application
0.0,45.0,2.0,0.0,0.0,25.91243868330134,25.91243868330134,18.32286111004299,18.32286111004299,18.32286111004299,18.32286111004299,2523.3461296045107,2523.3461296045107,published_analytical_application,published_analytical_application
0.0,45.0,2.0,0.5,0.005671458333333333,25.91243868330134,26.059399999608736,18.32286111004299,18.426778453376052,18.32286111004299,18.42677845337605,2523.3461296045107,2539.566433886324,published_analytical_application,published_analytical_application
0.0,45.0,2.0,1.0,0.011342916666666666,25.91243868330134,26.206361315916137,18.32286111004299,18.530695796709118,18.32286111004299,18.530695796709114,2523.3461296045107,2555.8169403422235,published_analytical_application,published_analytical_application
0.0,45.0,2.0,1.5,0.017014374999999998,25.91243868330134,26.353322632223534,18.32286111004299,18.634613140042177,18.32286111004299,18.634613140042177,2523.3461296045107,2572.0979520882192,published_analytical_application,published_analytical_application
0.0,45.0,2.0,2.0,0.022685833333333332,25.91243868330134,26.50028394853093,18.32286111004299,18.73853048337524,18.32286111004299,18.738530483375236,2523.3461296045107,2588.4097756137476,published_analytical_application,published_analytical_application
0.0,45.0,2.5,0.0,0.0,27.891703804293886,27.891703804293886,19.722412898862835,19.722412898862835,19.722412898862828,19.722412898862828,4083.2970319983483,4083.2970319983483,published_analytical_application,published_analytical_application
0.0,45.0,2.5,0.5,0.007041666666666666,27.891703804293886,28.08810788524912,19.722412898862835,19.861291556358992,19.722412898862828,19.86129155635899,4083.2970319983483,4117.054755531336,published_analytical_application,published_analytical_application
0.0,45.0,2.5,1.0,0.014083333333333331,27.891703804293886,28.284511966204356,19.722412898862835,20.00017021385515,19.722412898862828,20.00017021385515,4083.2970319983483,4150.914270476686,published_analytical_application,published_analytical_application
0.0,45.0,2.5,1.5,0.021124999999999998,27.891703804293886,28.480916047159596,19.722412898862835,20.13904887135131,19.722412898862828,20.13904887135131,4083.2970319983483,4184.87686477324,published_analytical_application,published_analytical_application
0.0,45.0,2.5,2.0,0.028166666666666663,27.891703804293886,28.677320128114832,19.722412898862835,20.27792752884747,19.722412898862828,20.277927528847467,4083.2970319983483,4218.943846426262,published_analytical_application,published_analytical_application
0.0,45.0,3.0,0.0,0.0,29.257873487113116,29.257873487113116,20.688440745835784,20.688440745835784,20.688440745835784,20.688440745835784,5982.437680071326,5982.437680071326,published_analytical_application,published_analytical_application
0.0,45.0,3.0,0.5,0.00855998611111111,29.257873487113116,29.50832047780345,20.688440745835784,20.865533511280685,20.688440745835784,20.86553351128068,5982.437680071326,6044.3304028531375,published_analytical_application,published_analytical_application
0.0,45.0,3.0,1.0,0.01711997222222222,29.257873487113116,29.758767468493783,20.688440745835784,21.042626276725585,20.688440745835784,21.042626276725578,5982.437680071326,6106.492532819612,published_analytical_application,published_analytical_application
0.0,45.0,3.0,1.5,0.02567995833333333,29.257873487113116,30.00921445918412,20.688440745835784,21.219719042170485,20.688440745835784,21.21971904217048,5982.437680071326,6168.928306617016,published_analytical_application,published_analytical_application
0.0,45.0,3.0,2.0,0.03423994444444444,29.257873487113116,30.25966144987445,20.688440745835784,21.396811807615382,20.688440745835784,21.39681180761538,5982.437680071326,6231.642048487226,published_analytical_application,published_analytical_application
0.0,45.0,3.25,0.0,0.0,29.731738339645776,29.731738339645776,21.023513796427594,21.023513796427594,21.02351379642759,21.02351379642759,7037.75060602657,7037.75060602657,published_analytical_application,published_analytical_application
0.0,45.0,3.25,0.5,0.009375,29.731738339645776,30.010473386579953,21.023513796427594,21.220609238269102,21.02351379642759,21.220609238269095,7037.75060602657,7118.456039106509,published_analytical_application,published_analytical_application
0.0,45.0,3.25,1.0,0.01875,29.731738339645776,30.289208433514137,21.023513796427594,21.417704680110614,21.02351379642759,21.417704680110607,7037.75060602657,7199.570371780857,published_analytical_application,published_analytical_application
0.0,45.0,3.25,1.5,0.028124999999999997,29.731738339645776,30.567943480448314,21.023513796427594,21.61480012195212,21.02351379642759,21.61480012195212,7037.75060602657,7281.100701277078,published_analytical_application,published_analytical_application
0.0,45.0,3.25,2.0,0.0375,29.731738339645776,30.846678527382494,21.023513796427594,21.81189556379363,21.02351379642759,21.811895563793627,7037.75060602657,7363.054290725479,published_analytical_application,published_analytical_application
10.0,15.0,1.0,0.0,0.0,21.905755781333678,21.905755781333678,21.414135266232435,21.414135266232435,4.614861552737439,4.614861552737439,873.9688965570796,873.9688965570796,published_analytical_application,published_analytical_application
10.0,15.0,1.0,0.5,0.0033749999999999995,21.905755781333678,21.964301323715592,21.414135266232435,21.477672829983895,4.614861552737439,4.597836713841194,873.9688965570796,876.8332103608758,published_analytical_application,published_analytical_application
10.0,15.0,1.0,1.0,0.006749999999999999,21.905755781333678,22.022887700317803,21.414135266232435,21.541210393735366,4.614861552737439,4.580811874944947,873.9688965570796,879.7007483377017,published_analytical_application,published_analytical_application
10.0,15.0,1.0,1.5,0.010124999999999999,21.905755781333678,22.081514586117898,21.414135266232435,21.604747957486826,4.614861552737439,4.563787036048702,873.9688965570796,882.5715369094613,published_analytical_application,published_analytical_application
10.0,15.0,1.0,2.0,0.013499999999999998,21.905755781333678,22.140181659312546,21.414135266232435,21.668285521238293,4.614861552737439,4.546762197152457,873.9688965570796,885.4456026818331,published_analytical_application,published_analytical_application
10.0,15.0,1.25,0.0,0.0,23.706156570339395,23.706156570339395,23.34957149634009,23.34957149634009,4.096262964550505,4.096262964550505,1438.1489314767173,1438.1489314767173,published_analytical_application,published_analytical_application
10.0,15.0,1.25,0.5,0.003893652777777778,23.706156570339395,23.782061666937214,23.34957149634009,23.430409105330817,4.096262964550505,4.074602592503376,1438.1489314767173,1443.9295971132167,published_analytical_application,published_analytical_application
10.0,15.0,1.25,1.0,0.007787305555555556,23.706156570339395,23.858018834430748,23.34957149634009,23.511246714321544,4.096262964550505,4.052942220456248,1438.1489314767173,1449.721158983872,published_analytical_application,published_analytical_application
10.0,15.0,1.25,1.5,0.011680958333333335,23.706156570339395,23.934027577062526,23.34957149634009,23.59208432331227,4.096262964550505,4.03128184840912,1438.1489314767173,1455.5237205945916,published_analytical_application,published_analytical_application
10.0,15.0,1.25,2.0,0.015574611111111112,23.706156570339395,24.010087405018243,23.34957149634009,23.672921932302998,4.096262964550505,4.009621476361991,1438.1489314767173,1461.3373864729972,published_analytical_application,published_analytical_application
10.0,15.0,1.5,0.0,0.0,25.261173449703044,25.261173449703044,24.99531475771238,24.99531475771238,3.6552871595632435,3.6552871595632435,2165.783112900272,2165.783112900272,published_analytical_application,published_analytical_application
10.0,15.0,1.5,0.5,0.004448930555555556,25.261173449703044,25.355979837273892,24.99531475771238,25.095002497970185,3.6552871595632435,3.6285759100658805,2165.783112900272,2176.2998598048603,published_analytical_application,published_analytical_application
10.0,15.0,1.5,1.0,0.008897861111111112,25.261173449703044,25.45085156204627,24.99531475771238,25.19469023822799,3.6552871595632435,3.601864660568517,2165.783112900272,2186.846275419934,published_analytical_application,published_analytical_application
10.0,15.0,1.5,1.5,0.013346791666666667,25.261173449703044,25.545787896074007,24.99531475771238,25.2943779784858,3.6552871595632435,3.5751534110711525,2165.783112900272,2197.4226986458025,published_analytical_application,published_analytical_application
10.0,15.0,1.5,2.0,0.017795722222222223,25.261173449703044,25.640788121699845,24.99531475771238,25.394065718743608,3.6552871595632435,3.54844216157379,2165.783112900272,2208.0294728998547,published_analytical_application,published_analytical_application
10.0,15.0,1.75,0.0,0.0,26.608921609315914,26.608921609315914,26.406337269639856,26.406337269639856,3.2772032608229513,3.2772032608229513,3064.722399859733,3064.722399859733,published_analytical_application,published_analytical_application
10.0,15.0,1.75,0.5,0.0050416666666666665,26.608921609315914,26.72416849003841,26.406337269639856,26.52642042878177,3.2772032608229513,3.245027075306298,3064.722399859733,3082.470813487594,published_analytical_application,published_analytical_application
10.0,15.0,1.75,1.0,0.010083333333333333,26.608921609315914,26.83949634961975,26.406337269639856,26.646503587923686,3.2772032608229513,3.2128508897896437,3064.722399859733,3100.289211910323,published_analytical_application,published_analytical_application
10.0,15.0,1.75,1.5,0.015125,26.608921609315914,26.954904148644086,26.406337269639856,26.766586747065606,3.2772032608229513,3.180674704272988,3064.722399859733,3118.1785640527632,published_analytical_application,published_analytical_application
10.0,15.0,1.75,2.0,0.020166666666666666,26.608921609315914,27.07039086470633,26.406337269639856,26.88666990620752,3.2772032608229513,3.148498518756334,3064.722399859733,3136.139855658171,published_analytical_application,published_analytical_application
10.0,15.0,2.0,0.0,0.0,27.775066673717156,27.775066673717156,27.617682258973797,27.617682258973797,2.952618392511528,2.952618392511528,4139.5560612076315,4139.5560612076315,published_analytical_application,published_analytical_application
10.0,15.0,2.0,0.5,0.005671458333333333,27.775066673717156,27.91222274476149,27.617682258973797,27.759635989860467,2.952618392511528,2.91458200495786,4139.5560612076315,4167.816097726525,published_analytical_application,published_analytical_application
10.0,15.0,2.0,1.0,0.011342916666666666,27.775066673717156,28.04947813478728,27.617682258973797,27.90158972074714,2.952618392511528,2.8765456174041915,4139.5560612076315,4196.224627591173,published_analytical_application,published_analytical_application
10.0,15.0,2.0,1.5,0.017014374999999998,27.775066673717156,28.186831392897286,27.617682258973797,28.04354345163381,2.952618392511528,2.8385092298505237,4139.5560612076315,4224.784133939958,published_analytical_application,published_analytical_application
10.0,15.0,2.0,2.0,0.022685833333333332,27.775066673717156,28.32428109531312,27.617682258973797,28.18549718252048,2.952618392511528,2.800472842296855,4139.5560612076315,4253.497154479353,published_analytical_application,published_analytical_application
10.0,15.0,2.5,0.0,0.0,29.63015558258857,29.63015558258857,29.52949427857474,29.52949427857474,2.440304796542088,2.440304796542088,6815.829867641407,6815.829867641407,published_analytical_application,published_analytical_application
10.0,15.0,2.5,0.5,0.007041666666666666,29.63015558258857,29.81510998327681,29.52949427857474,29.71920605275414,2.440304796542088,2.389471679856044,6815.829867641407,6878.48341068332,published_analytical_application,published_analytical_application
10.0,15.0,2.5,1.0,0.014083333333333331,29.63015558258857,30.000209931055625,29.52949427857474,29.90891782693354,2.440304796542088,2.3386385631699973,6815.829867641407,6941.6646202178845,published_analytical_application,published_analytical_application
10.0,15.0,2.5,1.5,0.021124999999999998,29.63015558258857,30.185452748401072,29.52949427857474,30.09862960111294,2.440304796542088,2.2878054464839503,6815.829867641407,7005.386015176721,published_analytical_application,published_analytical_application
10.0,15.0,2.5,2.0,0.028166666666666663,29.63015558258857,30.370835821072284,29.52949427857474,30.28834137529234,2.440304796542088,2.236972329797906,6815.829867641407,7069.660526948403,published_analytical_application,published_analytical_application
10.0,15.0,3.0,0.0,0.0,30.919574377854715,30.919574377854715,30.84908619859112,30.84908619859112,2.086614583382562,2.086614583382562,10145.752600101277,10145.752600101277,published_analytical_application,published_analytical_application
10.0,15.0,3.0,0.5,0.00855998611111111,30.919574377854715,31.156666961279033,30.84908619859112,31.090999414978544,2.086614583382562,2.021794132413137,10145.752600101277,10266.586634776091,published_analytical_application,published_analytical_application
10.0,15.0,3.0,1.0,0.01711997222222222,30.919574377854715,31.393966935618,30.84908619859112,31.332912631365964,2.086614583382562,1.9569736814437129,10145.752600101277,10388.892315894467,published_analytical_application,published_analytical_application
10.0,15.0,3.0,1.5,0.02567995833333333,30.919574377854715,31.631469633318492,30.84908619859112,31.57482584775339,2.086614583382562,1.8921532304742847,10145.752600101277,10512.716849853723,published_analytical_application,published_analytical_application
10.0,15.0,3.0,2.0,0.03423994444444444,30.919574377854715,31.869170522037077,30.84908619859112,31.816739064140815,2.086614583382562,1.8273327795048604,10145.752600101277,10638.109609746598,published_analytical_application,published_analytical_application
10.0,15.0,3.25,0.0,0.0,31.3683263947003,31.3683263947003,31.306787898546116,31.306787898546116,1.9639074010497468,1.9639074010497468,12017.587345066213,12017.587345066213,published_analytical_application,published_analytical_application
10.0,15.0,3.25,0.5,0.009375,31.3683263947003,31.632643724235194,31.306787898546116,31.576025278994802,1.9639074010497468,1.8917654623862514,12017.587345066213,12178.290265588133,published_analytical_application,published_analytical_application
10.0,15.0,3.25,1.0,0.01875,31.3683263947003,31.89720651745277,31.306787898546116,31.845262659443495,1.9639074010497468,1.8196235237227525,12017.587345066213,12341.272613758641,published_analytical_application,published_analytical_application
10.0,15.0,3.25,1.5,0.028124999999999997,31.3683263947003,32.1620087168441,31.306787898546116,32.11450003989218,1.9639074010497468,1.7474815850592567,12017.587345066213,12506.6177298871,published_analytical_application,published_analytical_application
10.0,15.0,3.25,2.0,0.0375,31.3683263947003,32.42704445737186,31.306787898546116,32.38373742034087,1.9639074010497468,1.6753396463957597,12017.587345066213,12674.413359317468,published_analytical_application,published_analytical_application
10.0,30.0,1.0,0.0,0.0,21.905755781333678,21.905755781333678,21.87888036166128,21.87888036166128,1.084772082764927,1.084772082764927,894.9954482329392,894.9954482329392,published_analytical_application,published_analytical_application
10.0,30.0,1.0,0.5,0.0033749999999999995,21.905755781333678,21.964301323715592,21.87888036166128,21.935846582882156,1.084772082764927,1.1176615459215145,894.9954482329392,897.5850615558996,published_analytical_application,published_analytical_application
10.0,30.0,1.0,1.0,0.006749999999999999,21.905755781333678,22.022887700317803,21.87888036166128,21.99281280410304,1.084772082764927,1.1505510090781053,894.9954482329392,900.1774231423999,published_analytical_application,published_analytical_application
10.0,30.0,1.0,1.5,0.010124999999999999,21.905755781333678,22.081514586117898,21.87888036166128,22.04977902532391,1.084772082764927,1.1834404722346932,894.9954482329392,902.7725530124192,published_analytical_application,published_analytical_application
10.0,30.0,1.0,2.0,0.013499999999999998,21.905755781333678,22.140181659312546,21.87888036166128,22.10674524654479,1.084772082764927,1.2163299353912824,894.9954482329392,905.3704713133,published_analytical_application,published_analytical_application
10.0,30.0,1.25,0.0,0.0,23.706156570339395,23.706156570339395,23.61414501007176,23.61414501007176,2.086627609505023,2.086627609505023,1457.109171325951,1457.109171325951,published_analytical_application,published_analytical_application
10.0,30.0,1.25,0.5,0.003893652777777778,23.706156570339395,23.782061666937214,23.61414501007176,23.686622027521558,2.086627609505023,2.128472235039725,1457.109171325951,1462.3237756470805,published_analytical_application,published_analytical_application
10.0,30.0,1.25,1.0,0.007787305555555556,23.706156570339395,23.858018834430748,23.61414501007176,23.759099044971354,2.086627609505023,2.1703168605744256,1457.109171325951,1467.5474054144445,published_analytical_application,published_analytical_application
10.0,30.0,1.25,1.5,0.011680958333333335,23.706156570339395,23.934027577062526,23.61414501007176,23.831576062421153,2.086627609505023,2.2121614861091277,1457.109171325951,1472.7801375548422,published_analytical_application,published_analytical_application
10.0,30.0,1.25,2.0,0.015574611111111112,23.706156570339395,24.010087405018243,23.61414501007176,23.904053079870952,2.086627609505023,2.25400611164383,1457.109171325951,1478.0220496835075,published_analytical_application,published_analytical_application
10.0,30.0,1.5,0.0,0.0,25.261173449703044,25.261173449703044,25.089677992912335,25.089677992912335,2.9385272277031143,2.9385272277031143,2175.7373940401076,2175.7373940401076,published_analytical_application,published_analytical_application
10.0,30.0,1.5,0.5,0.004448930555555556,25.261173449703044,25.355979837273892,25.089677992912335,25.179055575703345,2.9385272277031143,2.9901293991870217,2175.7373940401076,2185.1902385714434,published_analytical_application,published_analytical_application
10.0,30.0,1.5,1.0,0.008897861111111112,25.261173449703044,25.45085156204627,25.089677992912335,25.268433158494354,2.9385272277031143,3.0417315706709287,2175.7373940401076,2194.6671616244075,published_analytical_application,published_analytical_application
10.0,30.0,1.5,1.5,0.013346791666666667,25.261173449703044,25.545787896074007,25.089677992912335,25.357810741285366,2.9385272277031143,3.0933337421548392,2175.7373940401076,2204.1684100181014,published_analytical_application,published_analytical_application
10.0,30.0,1.5,2.0,0.017795722222222223,25.261173449703044,25.640788121699845,25.089677992912335,25.447188324076375,2.9385272277031143,3.1449359136387462,2175.7373940401076,2213.6942335297017,published_analytical_application,published_analytical_application
10.0,30.0,1.75,0.0,0.0,26.608921609315914,26.608921609315914,26.35476576501776,26.35476576501776,3.668927729155652,3.668927729155652,3057.1213234469246,3057.1213234469246,published_analytical_application,published_analytical_application
10.0,30.0,1.75,0.5,0.0050416666666666665,26.608921609315914,26.72416849003841,26.35476576501776,26.462429380124853,3.668927729155652,3.7310873463196614,3057.1213234469246,3073.0042218110702,published_analytical_application,published_analytical_application
10.0,30.0,1.75,1.0,0.010083333333333333,26.608921609315914,26.83949634961975,26.35476576501776,26.57009299523195,3.668927729155652,3.793246963483671,3057.1213234469246,3088.9429674340618,published_analytical_application,published_analytical_application
10.0,30.0,1.75,1.5,0.015125,26.608921609315914,26.954904148644086,26.35476576501776,26.677756610339046,3.668927729155652,3.855406580647682,3057.1213234469246,3104.938251665851,published_analytical_application,published_analytical_application
10.0,30.0,1.75,2.0,0.020166666666666666,26.608921609315914,27.07039086470633,26.35476576501776,26.78542022544614,3.668927729155652,3.9175661978116896,3057.1213234469246,3120.990776564808,published_analytical_application,published_analytical_application
10.0,30.0,2.0,0.0,0.0,27.775066673717156,27.775066673717156,27.44082642909018,27.44082642909018,4.2959717897094265,4.2959717897094265,4104.551815445613,4104.551815445613,published_analytical_application,published_analytical_application
10.0,30.0,2.0,0.5,0.005671458333333333,27.775066673717156,27.91222274476149,27.44082642909018,27.568098662385914,4.2959717897094265,4.369452447863082,4104.551815445613,4129.719540476949,published_analytical_application,published_analytical_application
10.0,30.0,2.0,1.0,0.011342916666666666,27.775066673717156,28.04947813478728,27.44082642909018,27.69537089568165,4.2959717897094265,4.44293310601674,4104.551815445613,4155.004004889619,published_analytical_application,published_analytical_application
10.0,30.0,2.0,1.5,0.017014374999999998,27.775066673717156,28.186831392897286,27.44082642909018,27.82264312897738,4.2959717897094265,4.516413764170395,4104.551815445613,4180.406945061341,published_analytical_application,published_analytical_application
10.0,30.0,2.0,2.0,0.022685833333333332,27.775066673717156,28.32428109531312,27.44082642909018,27.949915362273114,4.2959717897094265,4.589894422324052,4104.551815445613,4205.930131178187,published_analytical_application,published_analytical_application
10.0,30.0,2.5,0.0,0.0,29.63015558258857,29.63015558258857,29.154898518130747,29.154898518130747,5.285642084543969,5.285642084543969,6693.61997945104,6693.61997945104,published_analytical_application,published_analytical_application
10.0,30.0,2.5,0.5,0.007041666666666666,29.63015558258857,29.81510998327681,29.154898518130747,29.32498944164148,5.285642084543969,5.383844125019604,6693.61997945104,6748.867885800138,published_analytical_application,published_analytical_application
10.0,30.0,2.5,1.0,0.014083333333333331,29.63015558258857,30.000209931055625,29.154898518130747,29.495080365152212,5.285642084543969,5.482046165495238,6693.61997945104,6804.520040337169,published_analytical_application,published_analytical_application
10.0,30.0,2.5,1.5,0.021124999999999998,29.63015558258857,30.185452748401072,29.154898518130747,29.66517128866295,5.285642084543969,5.580248205970873,6693.61997945104,6860.584872875787,published_analytical_application,published_analytical_application
10.0,30.0,2.5,2.0,0.028166666666666663,29.63015558258857,30.370835821072284,29.154898518130747,29.835262212173685,5.285642084543969,5.678450246446507,6693.61997945104,6917.071056143376,published_analytical_application,published_analytical_application
10.0,30.0,3.0,0.0,0.0,30.919574377854715,30.919574377854715,30.33798467060489,30.33798467060489,5.968816116604081,5.968816116604081,9895.098730552752,9895.098730552752,published_analytical_application,published_analytical_application
10.0,30.0,3.0,0.5,0.00855998611111111,30.919574377854715,31.156666961279033,30.33798467060489,30.554878126811136,5.968816116604081,6.094039611930229,9895.098730552752,10000.715762445125,published_analytical_application,published_analytical_application
10.0,30.0,3.0,1.0,0.01711997222222222,30.919574377854715,31.393966935618,30.33798467060489,30.77177158301738,5.968816116604081,6.219263107256371,9895.098730552752,10107.43737318713,published_analytical_application,published_analytical_application
10.0,30.0,3.0,1.5,0.02567995833333333,30.919574377854715,31.631469633318492,30.33798467060489,30.98866503922363,5.968816116604081,6.344486602582517,9895.098730552752,10215.29436227426,published_analytical_application,published_analytical_application
10.0,30.0,3.0,2.0,0.03423994444444444,30.919574377854715,31.869170522037077,30.33798467060489,31.205558495429877,5.968816116604081,6.469710097908663,9895.098730552752,10324.318752140656,published_analytical_application,published_analytical_application
10.0,30.0,3.25,0.0,0.0,31.3683263947003,31.3683263947003,30.74833160756923,30.74833160756923,6.205804070014662,6.205804070014662,11691.183823421024,11691.183823421024,published_analytical_application,published_analytical_application
10.0,30.0,3.25,0.5,0.009375,31.3683263947003,31.632643724235194,30.74833160756923,30.9897232390703,6.205804070014662,6.345171593441929,11691.183823421024,11831.152593670087,published_analytical_application,published_analytical_application
10.0,30.0,3.25,1.0,0.01875,31.3683263947003,31.89720651745277,30.74833160756923,31.23111487057138,6.205804070014662,6.484539116869198,11691.183823421024,11972.818909612988,published_analytical_application,published_analytical_application
10.0,30.0,3.25,1.5,0.028124999999999997,31.3683263947003,32.1620087168441,30.74833160756923,31.472506502072445,6.205804070014662,6.623906640296463,11691.183823421024,12116.236473487883,published_analytical_application,published_analytical_application
10.0,30.0,3.25,2.0,0.0375,31.3683263947003,32.42704445737186,30.74833160756923,31.713898133573522,6.205804070014662,6.763274163723732,11691.183823421024,12261.461432107013,published_analytical_application,published_analytical_application
10.0,45.0,1.0,0.0,0.0,21.905755781333678,21.905755781333678,20.85261591700225,20.85261591700225,6.710480293497493,6.710480293497493,848.7913370091608,848.7913370091608,published_analytical_application,published_analytical_application
10.0,45.0,1.0,0.5,0.0033749999999999995,21.905755781333678,21.964301323715592,20.85261591700225,20.89912864185747,6.710480293497493,6.75699301835271,848.7913370091608,850.8678284648392,published_analytical_application,published_analytical_application
10.0,45.0,1.0,1.0,0.006749999999999999,21.905755781333678,22.022887700317803,20.85261591700225,20.94564136671269,6.710480293497493,6.803505743207931,848.7913370091608,852.9459231896599,published_analytical_application,published_analytical_application
10.0,45.0,1.0,1.5,0.010124999999999999,21.905755781333678,22.081514586117898,20.85261591700225,20.992154091567905,6.710480293497493,6.850018468063148,848.7913370091608,855.0256309147193,published_analytical_application,published_analytical_application
10.0,45.0,1.0,2.0,0.013499999999999998,21.905755781333678,22.140181659312546,20.85261591700225,21.038666816423124,6.710480293497493,6.896531192918367,848.7913370091608,857.1069614193635,published_analytical_application,published_analytical_application
10.0,45.0,1.25,0.0,0.0,23.706156570339395,23.706156570339395,22.269453565586797,22.269453565586797,8.127317960287952,8.127317960287952,1361.9066883881826,1361.9066883881826,published_analytical_application,published_analytical_application
10.0,45.0,1.25,0.5,0.003893652777777778,23.706156570339395,23.782061666937214,22.269453565586797,22.328630802530398,8.127317960287952,8.186495197231551,1361.9066883881826,1366.0378331708368,published_analytical_application,published_analytical_application
10.0,45.0,1.25,1.0,0.007787305555555556,23.706156570339395,23.858018834430748,22.269453565586797,22.387808039473995,8.127317960287952,8.245672434175148,1361.9066883881826,1370.174112151635,published_analytical_application,published_analytical_application
10.0,45.0,1.25,1.5,0.011680958333333335,23.706156570339395,23.934027577062526,22.269453565586797,22.446985276417593,8.127317960287952,8.304849671118747,1361.9066883881826,1374.3155609304,published_analytical_application,published_analytical_application
10.0,45.0,1.25,2.0,0.015574611111111112,23.706156570339395,24.010087405018243,22.269453565586797,22.506162513361193,8.127317960287952,8.364026908062346,1361.9066883881826,1378.4622153510788,published_analytical_application,published_analytical_application
10.0,45.0,1.5,0.0,0.0,25.261173449703044,25.261173449703044,23.47422113554862,23.47422113554862,9.332085840547355,9.332085840547355,2008.764527470887,2008.764527470887,published_analytical_application,published_analytical_application
10.0,45.0,1.5,0.5,0.004448930555555556,25.261173449703044,25.355979837273892,23.47422113554862,23.547197626309064,9.332085840547355,9.4050623313078,2008.764527470887,2016.1580732220998,published_analytical_application,published_analytical_application
10.0,45.0,1.5,1.0,0.008897861111111112,25.261173449703044,25.45085156204627,23.47422113554862,23.62017411706951,9.332085840547355,9.478038822068243,2008.764527470887,2023.5649790848017,published_analytical_application,published_analytical_application
10.0,45.0,1.5,1.5,0.013346791666666667,25.261173449703044,25.545787896074007,23.47422113554862,23.693150607829956,9.332085840547355,9.551015312828692,2008.764527470887,2030.985353972315,published_analytical_application,published_analytical_application
10.0,45.0,1.5,2.0,0.017795722222222223,25.261173449703044,25.640788121699845,23.47422113554862,23.7661270985904,9.332085840547355,9.623991803589135,2008.764527470887,2038.4193077832003,published_analytical_application,published_analytical_application
10.0,45.0,1.75,0.0,0.0,26.608921609315914,26.608921609315914,24.5071605268194,24.5071605268194,10.36502735758205,10.36502735758205,2792.620282643223,2792.620282643223,published_analytical_application,published_analytical_application
10.0,45.0,1.75,0.5,0.0050416666666666665,26.608921609315914,26.72416849003841,24.5071605268194,24.595067500444664,10.36502735758205,10.452934331207313,2792.620282643223,2804.882793621373,published_analytical_application,published_analytical_application
10.0,45.0,1.75,1.0,0.010083333333333333,26.608921609315914,26.83949634961975,24.5071605268194,24.682974474069926,10.36502735758205,10.540841304832576,2792.620282643223,2817.175542004782,published_analytical_application,published_analytical_application
10.0,45.0,1.75,1.5,0.015125,26.608921609315914,26.954904148644086,24.5071605268194,24.77088144769519,10.36502735758205,10.62874827845784,2792.620282643223,2829.4988192655674,published_analytical_application,published_analytical_application
10.0,45.0,1.75,2.0,0.020166666666666666,26.608921609315914,27.07039086470633,24.5071605268194,24.85878842132045,10.36502735758205,10.716655252083099,2792.620282643223,2841.8529202367167,published_analytical_application,published_analytical_application
10.0,45.0,2.0,0.0,0.0,27.775066673717156,27.775066673717156,25.393923626173873,25.393923626173873,11.251798593890742,11.251798593890742,3714.5023142723035,3714.5023142723035,published_analytical_application,published_analytical_application
10.0,45.0,2.0,0.5,0.005671458333333333,27.775066673717156,27.91222274476149,25.393923626173873,25.497840969506875,11.251798593890742,11.355715937223742,3714.5023142723035,3733.6862127212707,published_analytical_application,published_analytical_application
10.0,45.0,2.0,1.0,0.011342916666666666,27.775066673717156,28.04947813478728,25.393923626173873,25.60175831283988,11.251798593890742,11.459633280556748,3714.5023142723035,3752.931835858431,published_analytical_application,published_analytical_application
10.0,45.0,2.0,1.5,0.017014374999999998,27.775066673717156,28.186831392897286,25.393923626173873,25.70567565617288,11.251798593890742,11.563550623889746,3714.5023142723035,3772.239884783996,published_analytical_application,published_analytical_application
10.0,45.0,2.0,2.0,0.022685833333333332,27.775066673717156,28.32428109531312,25.393923626173873,25.80959299950588,11.251798593890742,11.667467967222748,3714.5023142723035,3791.611070628807,published_analytical_application,published_analytical_application
10.0,45.0,2.5,0.0,0.0,29.63015558258857,29.63015558258857,26.793444604424007,26.793444604424007,12.651381192504905,12.651381192504905,5964.234947861033,5964.234947861033,published_analytical_application,published_analytical_application
10.0,45.0,2.5,0.5,0.007041666666666666,29.63015558258857,29.81510998327681,26.793444604424007,26.932323261917357,12.651381192504905,12.790259849998257,5964.234947861033,6005.35700130466,published_analytical_application,published_analytical_application
10.0,45.0,2.5,1.0,0.014083333333333331,29.63015558258857,30.000209931055625,26.793444604424007,27.07120191941071,12.651381192504905,12.929138507491613,5964.234947861033,6046.68371555599,published_analytical_application,published_analytical_application
10.0,45.0,2.5,1.5,0.021124999999999998,29.63015558258857,30.185452748401072,26.793444604424007,27.21008057690407,12.651381192504905,13.068017164984967,5964.234947861033,6088.218240622256,published_analytical_application,published_analytical_application
10.0,45.0,2.5,2.0,0.028166666666666663,29.63015558258857,30.370835821072284,26.793444604424007,27.34895923439742,12.651381192504905,13.206895822478321,5964.234947861033,6129.9637916386155,published_analytical_application,published_analytical_application
10.0,45.0,3.0,0.0,0.0,30.919574377854715,30.919574377854715,27.75939962320711,27.75939962320711,13.617481862179176,13.617481862179176,8714.535298162396,8714.535298162396,published_analytical_application,published_analytical_application
10.0,45.0,3.0,0.5,0.00855998611111111,30.919574377854715,31.156666961279033,27.75939962320711,27.93649238862511,13.617481862179176,13.794574627597175,8714.535298162396,8791.619040190079,published_analytical_application,published_analytical_application
10.0,45.0,3.0,1.0,0.01711997222222222,30.919574377854715,31.393966935618,27.75939962320711,28.113585154043104,13.617481862179176,13.97166739301517,8714.535298162396,8869.242782807152,published_analytical_application,published_analytical_application
10.0,45.0,3.0,1.5,0.02567995833333333,30.919574377854715,31.631469633318492,27.75939962320711,28.290677919461103,13.617481862179176,14.14876015843317,8714.535298162396,8947.417341800414,published_analytical_application,published_analytical_application
10.0,45.0,3.0,2.0,0.03423994444444444,30.919574377854715,31.869170522037077,27.75939962320711,28.467770684879103,13.617481862179176,14.32585292385117,8714.535298162396,9026.153834992065,published_analytical_application,published_analytical_application
10.0,45.0,3.25,0.0,0.0,31.3683263947003,31.3683263947003,28.094427331557053,28.094427331557053,13.952600249283702,13.952600249283702,10251.000184291246,10251.000184291246,published_analytical_application,published_analytical_application
10.0,45.0,3.25,0.5,0.009375,31.3683263947003,31.632643724235194,28.094427331557053,28.29152277334224,13.952600249283702,14.14969569106889,10251.000184291246,10352.374367465858,published_analytical_application,published_analytical_application
10.0,45.0,3.25,1.0,0.01875,31.3683263947003,31.89720651745277,28.094427331557053,28.48861821512744,13.952600249283702,14.346791132854088,10251.000184291246,10454.567581446363,published_analytical_application,published_analytical_application
10.0,45.0,3.25,1.5,0.028124999999999997,31.3683263947003,32.1620087168441,28.094427331557053,28.685713656912625,13.952600249283702,14.543886574639275,10251.000184291246,10557.598238980645,published_analytical_application,published_analytical_application
10.0,45.0,3.25,2.0,0.0375,31.3683263947003,32.42704445737186,28.094427331557053,28.88280909869782,13.952600249283702,14.740982016424468,10251.000184291246,10661.485337554377,published_analytical_application,published_analytical_application
20.0,15.0,1.0,0.0,0.0,27.926011823117744,27.926011823117744,24.002325717236143,24.002325717236143,14.274119815547873,14.274119815547873,993.5510962553374,993.5510962553374,published_analytical_application,published_analytical_application
20.0,15.0,1.0,0.5,0.0033749999999999995,27.926011823117744,27.971959756735895,24.002325717236143,24.065863280987603,14.274119815547873,14.25709497665163,993.5510962553374,996.5702459403656,published_analytical_application,published_analytical_application
20.0,15.0,1.0,1.0,0.006749999999999999,27.926011823117744,28.017986770185455,24.002325717236143,24.129400844739074,14.274119815547873,14.24007013775538,993.5510962553374,999.5938662634588,published_analytical_application,published_analytical_application
20.0,15.0,1.0,1.5,0.010124999999999999,27.926011823117744,28.064092474377563,24.002325717236143,24.192938408490534,14.274119815547873,14.223045298859136,993.5510962553374,1002.6219928780986,published_analytical_application,published_analytical_application
20.0,15.0,1.0,2.0,0.013499999999999998,27.926011823117744,28.110276482113044,24.002325717236143,24.256475972242,14.274119815547873,14.206020459962888,993.5510962553374,1005.6546617184815,published_analytical_application,published_analytical_application
20.0,15.0,1.25,0.0,0.0,29.359527564104678,29.359527564104678,25.937761945493044,25.937761945493044,13.755521220453819,13.755521220453819,1629.193972611432,1629.193972611432,published_analytical_application,published_analytical_application
20.0,15.0,1.25,0.5,0.003893652777777778,29.359527564104678,29.420850711357435,25.937761945493044,26.01859955448377,13.755521220453819,13.73386084840669,1629.193972611432,1635.380535157961,published_analytical_application,published_analytical_application
20.0,15.0,1.25,1.0,0.007787305555555556,29.359527564104678,29.48228386936855,25.937761945493044,26.099437163474498,13.755521220453819,13.71220047635956,1629.193972611432,1641.5818948021024,published_analytical_application,published_analytical_application
20.0,15.0,1.25,1.5,0.011680958333333335,29.359527564104678,29.543826351871996,25.937761945493044,26.180274772465225,13.755521220453819,13.690540104312433,1629.193972611432,1647.79819614438,published_analytical_application,published_analytical_application
20.0,15.0,1.25,2.0,0.015574611111111112,29.359527564104678,29.605477477091842,25.937761945493044,26.261112381455952,13.755521220453819,13.668879732265305,1629.193972611432,1654.0295854070648,published_analytical_application,published_analytical_application
20.0,15.0,1.5,0.0,0.0,30.62885688345964,30.62885688345964,27.583505173670243,27.583505173670243,13.314545291580936,13.314545291580936,2449.393700751855,2449.393700751855,published_analytical_application,published_analytical_application
20.0,15.0,1.5,0.5,0.004448930555555556,30.62885688345964,30.707095327297097,27.583505173670243,27.68319291392805,13.314545291580936,13.287834042083572,2449.393700751855,2460.8036121834325,published_analytical_application,published_analytical_application
20.0,15.0,1.5,1.0,0.008897861111111112,30.62885688345964,30.785480914950544,27.583505173670243,27.782880654185856,13.314545291580936,13.26112279258621,2449.393700751855,2472.253700218624,published_analytical_application,published_analytical_application
20.0,15.0,1.5,1.5,0.013346791666666667,30.62885688345964,30.864012525312912,27.583505173670243,27.88256839444367,13.314545291580936,13.234411543088843,2449.393700751855,2483.744453520786,published_analytical_application,published_analytical_application
20.0,15.0,1.5,2.0,0.017795722222222223,30.62885688345964,30.942689046580533,27.583505173670243,27.982256134701476,13.314545291580936,13.207700293591481,2449.393700751855,2495.2763681829947,published_analytical_application,published_analytical_application
20.0,15.0,1.75,0.0,0.0,31.74956113871553,31.74956113871553,28.994527448917648,28.994527448917648,12.9364605095442,12.9364605095442,3464.2824463338893,3464.2824463338893,published_analytical_application,published_analytical_application
20.0,15.0,1.75,0.5,0.0050416666666666665,31.74956113871553,31.846210210545888,28.994527448917648,29.114610608059554,12.9364605095442,12.90428432402755,3464.2824463338893,3483.781109601548,published_analytical_application,published_analytical_application
20.0,15.0,1.75,1.0,0.010083333333333333,31.74956113871553,31.943050693250427,28.994527448917648,29.234693767201463,12.9364605095442,12.872108138510896,3464.2824463338893,3503.3750262906237,published_analytical_application,published_analytical_application
20.0,15.0,1.75,1.5,0.015125,31.74956113871553,32.04008085122296,28.994527448917648,29.354776926343376,12.9364605095442,12.839931952994242,3464.2824463338893,3523.0656354054913,published_analytical_application,published_analytical_application
20.0,15.0,1.75,2.0,0.020166666666666666,31.74956113871553,32.137298966439126,28.994527448917648,29.474860085485286,12.9364605095442,12.807755767477591,3464.2824463338893,3542.8544045872873,published_analytical_application,published_analytical_application
20.0,15.0,2.0,0.0,0.0,32.73307184527048,32.73307184527048,30.20587150313484,30.20587150313484,12.611872151419293,12.611872151419293,4680.442332838721,4680.442332838721,published_analytical_application,published_analytical_application
20.0,15.0,2.0,0.5,0.005671458333333333,32.73307184527048,32.84953336428649,30.20587150313484,30.347825234021375,12.611872151419293,12.573835763865661,4680.442332838721,4711.852109050628,published_analytical_application,published_analytical_application
20.0,15.0,2.0,1.0,0.011342916666666666,32.73307184527048,32.96623859848263,30.20587150313484,30.489778964907913,12.611872151419293,12.535799376312028,4680.442332838721,4743.465818016007,published_analytical_application,published_analytical_application
20.0,15.0,2.0,1.5,0.017014374999999998,32.73307184527048,33.08318496864807,30.20587150313484,30.631732695794444,12.611872151419293,12.497762988758398,4680.442332838721,4775.287252010379,published_analytical_application,published_analytical_application
20.0,15.0,2.0,2.0,0.022685833333333332,32.73307184527048,33.20036992662068,30.20587150313484,30.77368642668098,12.611872151419293,12.459726601204768,4680.442332838721,4807.320299420075,published_analytical_application,published_analytical_application
20.0,15.0,2.5,0.0,0.0,34.321185506158145,34.321185506158145,32.11767616161516,32.11767616161516,12.099531087018924,12.099531087018924,7720.691024877372,7720.691024877372,published_analytical_application,published_analytical_application
20.0,15.0,2.5,0.5,0.007041666666666666,34.321185506158145,34.480986616015564,32.11767616161516,32.30738793578797,12.099531087018924,12.048697970334645,7720.691024877372,7791.77914656266,published_analytical_application,published_analytical_application
20.0,15.0,2.5,1.0,0.014083333333333331,34.321185506158145,34.64116410580903,32.11767616161516,32.497099709960786,12.099531087018924,11.997864853650363,7720.691024877372,7863.608404806251,published_analytical_application,published_analytical_application
20.0,15.0,2.5,1.5,0.021124999999999998,34.321185506158145,34.801712778588396,32.11767616161516,32.6868114841336,12.099531087018924,11.94703173696608,7720.691024877372,7936.198918331172,published_analytical_application,published_analytical_application
20.0,15.0,2.5,2.0,0.028166666666666663,34.321185506158145,34.96262752092807,32.11767616161516,32.87652325830641,12.099531087018924,11.896198620281801,7720.691024877372,8009.571580392376,published_analytical_application,published_analytical_application
20.0,15.0,3.0,0.0,0.0,35.440272339233154,35.440272339233154,33.43725014692328,33.43725014692328,11.745773967308152,11.745773967308152,11522.659725191419,11522.659725191419,published_analytical_application,published_analytical_application
20.0,15.0,3.0,0.5,0.00855998611111111,35.440272339233154,35.64731013554118,33.43725014692328,33.679163363245586,11.745773967308152,11.680953516356173,11522.659725191419,11662.056489954351,published_analytical_application,published_analytical_application
20.0,15.0,3.0,1.0,0.01711997222222222,35.440272339233154,35.85490180868001,33.43725014692328,33.92107657956788,11.745773967308152,11.6161330654042,11522.659725191419,11803.565750316859,published_analytical_application,published_analytical_application
20.0,15.0,3.0,1.5,0.02567995833333333,35.440272339233154,36.06303779371477,33.43725014692328,34.162989795890184,11.745773967308152,11.551312614452224,11522.659725191419,11947.266655795938,published_analytical_application,published_analytical_application
20.0,15.0,3.0,2.0,0.03423994444444444,35.440272339233154,36.27170872046008,33.43725014692328,34.40490301221248,11.745773967308152,11.48649216350025,11522.659725191419,12093.242655290931,published_analytical_application,published_analytical_application
20.0,15.0,3.25,0.0,0.0,35.83241117275998,35.83241117275998,33.89494050785425,33.89494050785425,11.623024495489792,11.623024495489792,13666.356653319017,13666.356653319017,published_analytical_application,published_analytical_application
20.0,15.0,3.25,0.5,0.009375,35.83241117275998,36.06402554647281,33.89494050785425,34.16417788816522,11.623024495489792,11.550882556863197,13666.356653319017,13852.944348460716,published_analytical_application,published_analytical_application
20.0,15.0,3.25,1.0,0.01875,35.83241117275998,36.296302473283475,33.89494050785425,34.43341526847619,11.623024495489792,11.478740618236602,13666.356653319017,14042.833173546196,published_analytical_application,published_analytical_application
20.0,15.0,3.25,1.5,0.028124999999999997,35.83241117275998,36.52922931434573,33.89494050785425,34.70265264878716,11.623024495489792,11.406598679610008,13666.356653319017,14236.165228325797,published_analytical_application,published_analytical_application
20.0,15.0,3.25,2.0,0.0375,35.83241117275998,36.76279371620929,33.89494050785425,34.97189002909813,11.623024495489792,11.334456740983411,13666.356653319017,14433.091550681536,published_analytical_application,published_analytical_application
20.0,30.0,1.0,0.0,0.0,27.926011823117744,27.926011823117744,26.878880361619743,26.878880361619743,7.575481955007508,7.575481955007508,1135.2810525849063,1135.2810525849063,published_analytical_application,published_analytical_application
20.0,30.0,1.0,0.5,0.0033749999999999995,27.926011823117744,27.971959756735895,26.878880361619743,26.935846582840618,7.575481955007508,7.542592491850921,1135.2810525849063,1138.2052766812214,published_analytical_application,published_analytical_application
20.0,30.0,1.0,1.0,0.006749999999999999,27.926011823117744,28.017986770185455,26.878880361619743,26.9928128040615,7.575481955007508,7.50970302869433,1135.2810525849063,1141.134656328285,published_analytical_application,published_analytical_application
20.0,30.0,1.0,1.5,0.010124999999999999,27.926011823117744,28.064092474377563,26.878880361619743,27.049779025282373,7.575481955007508,7.476813565537742,1135.2810525849063,1144.0692291322302,published_analytical_application,published_analytical_application
20.0,30.0,1.0,2.0,0.013499999999999998,27.926011823117744,28.110276482113044,26.878880361619743,27.10674524650325,7.575481955007508,7.443924102381152,1135.2810525849063,1147.0090330077098,published_analytical_application,published_analytical_application
20.0,30.0,1.25,0.0,0.0,29.359527564104678,29.359527564104678,28.614145006454837,28.614145006454837,6.573626422074659,6.573626422074659,1842.755419455807,1842.755419455807,published_analytical_application,published_analytical_application
20.0,30.0,1.25,0.5,0.003893652777777778,29.359527564104678,29.420850711357435,28.614145006454837,28.686622023904636,6.573626422074659,6.531781796539957,1842.755419455807,1848.8183948497501,published_analytical_application,published_analytical_application
20.0,30.0,1.25,1.0,0.007787305555555556,29.359527564104678,29.48228386936855,28.614145006454837,28.759099041354432,6.573626422074659,6.4899371710052565,1842.755419455807,1854.8979177537458,published_analytical_application,published_analytical_application
20.0,30.0,1.25,1.5,0.011680958333333335,29.359527564104678,29.543826351871996,28.614145006454837,28.83157605880423,6.573626422074659,6.448092545470552,1842.755419455807,1860.994142656123,published_analytical_application,published_analytical_application
20.0,30.0,1.25,2.0,0.015574611111111112,29.359527564104678,29.605477477091842,28.614145006454837,28.90405307625403,6.573626422074659,6.406247919935851,1842.755419455807,1867.1072258355355,published_analytical_application,published_analytical_application
20.0,30.0,1.5,0.0,0.0,30.62885688345964,30.62885688345964,30.08967792516746,30.08967792516746,5.721726692803767,5.721726692803767,2749.682102872264,2749.682102872264,published_analytical_application,published_analytical_application
20.0,30.0,1.5,0.5,0.004448930555555556,30.62885688345964,30.707095327297097,30.08967792516746,30.17905550795847,5.721726692803767,5.67012452131986,2749.682102872264,2760.9655216479364,published_analytical_application,published_analytical_application
20.0,30.0,1.5,1.0,0.008897861111111112,30.62885688345964,30.785480914950544,30.08967792516746,30.26843309074948,5.721726692803767,5.6185223498359536,2749.682102872264,2772.2931982186997,published_analytical_application,published_analytical_application
20.0,30.0,1.5,1.5,0.013346791666666667,30.62885688345964,30.864012525312912,30.08967792516746,30.357810673540495,5.721726692803767,5.566920178352041,2749.682102872264,2783.6656593621606,published_analytical_application,published_analytical_application
20.0,30.0,1.5,2.0,0.017795722222222223,30.62885688345964,30.942689046580533,30.08967792516746,30.4471882563315,5.721726692803767,5.515318006868135,2749.682102872264,2795.083440094528,published_analytical_application,published_analytical_application
20.0,30.0,1.75,0.0,0.0,31.74956113871553,31.74956113871553,31.354765240043548,31.354765240043548,4.991325399409692,4.991325399409692,3866.6851822623466,3866.6851822623466,published_analytical_application,published_analytical_application
20.0,30.0,1.75,0.5,0.0050416666666666665,31.74956113871553,31.846210210545888,31.354765240043548,31.462428855150634,4.991325399409692,4.929165782245687,3866.6851822623466,3886.1074737048793,published_analytical_application,published_analytical_application
20.0,30.0,1.75,1.0,0.010083333333333333,31.74956113871553,31.943050693250427,31.354765240043548,31.570092470257723,4.991325399409692,4.867006165081681,3866.6851822623466,3905.6338797550466,published_analytical_application,published_analytical_application
20.0,30.0,1.75,1.5,0.015125,31.74956113871553,32.04008085122296,31.354765240043548,31.677756085364816,4.991325399409692,4.8048465479176725,3866.6851822623466,3925.265962407843,published_analytical_application,published_analytical_application
20.0,30.0,1.75,2.0,0.020166666666666666,31.74956113871553,32.137298966439126,31.354765240043548,31.785419700471905,4.991325399409692,4.742686930753668,3866.6851822623466,3945.0053155599035,published_analytical_application,published_analytical_application
20.0,30.0,2.0,0.0,0.0,32.73307184527048,32.73307184527048,32.44082409763236,32.44082409763236,4.364278209980971,4.364278209980971,5200.828705822555,5200.828705822555,published_analytical_application,published_analytical_application
20.0,30.0,2.0,0.5,0.005671458333333333,32.73307184527048,32.84953336428649,32.44082409763236,32.568096330927965,4.364278209980971,4.290797551827385,5200.828705822555,5232.301843292377,published_analytical_application,published_analytical_application
20.0,30.0,2.0,1.0,0.011342916666666666,32.73307184527048,32.96623859848263,32.44082409763236,32.695368564223585,4.364278209980971,4.2173168936737975,5200.828705822555,5263.9970030749055,published_analytical_application,published_analytical_application
20.0,30.0,2.0,1.5,0.017014374999999998,32.73307184527048,33.08318496864807,32.44082409763236,32.82264079751919,4.364278209980971,4.143836235520212,5200.828705822555,5295.918325179596,published_analytical_application,published_analytical_application
20.0,30.0,2.0,2.0,0.022685833333333332,32.73307184527048,33.20036992662068,32.44082409763236,32.949913030814805,4.364278209980971,4.070355577366625,5200.828705822555,5328.0700571927755,published_analytical_application,published_analytical_application
20.0,30.0,2.5,0.0,0.0,34.321185506158145,34.321185506158145,34.154881967023336,34.154881967023336,3.374583287877797,3.374583287877797,8526.12703556955,8526.12703556955,published_analytical_application,published_analytical_application
20.0,30.0,2.5,0.5,0.007041666666666666,34.321185506158145,34.480986616015564,34.154881967023336,34.324972890528166,3.374583287877797,3.276381247405572,8526.12703556955,8598.012768647819,published_analytical_application,published_analytical_application
20.0,30.0,2.5,1.0,0.014083333333333331,34.321185506158145,34.64116410580903,34.154881967023336,34.495063814032996,3.374583287877797,3.1781792069333465,8526.12703556955,8670.70348992193,published_analytical_application,published_analytical_application
20.0,30.0,2.5,1.5,0.021124999999999998,34.321185506158145,34.801712778588396,34.154881967023336,34.665154737537826,3.374583287877797,3.07997716646112,8526.12703556955,8744.221368517956,published_analytical_application,published_analytical_application
20.0,30.0,2.5,2.0,0.028166666666666663,34.321185506158145,34.96262752092807,34.154881967023336,34.835245661042656,3.374583287877797,2.981775125988895,8526.12703556955,8818.589448616995,published_analytical_application,published_analytical_application
20.0,30.0,3.0,0.0,0.0,35.440272339233154,35.440272339233154,35.33793347920988,35.33793347920988,2.6913492708959508,2.6913492708959508,12679.24042408549,12679.24042408549,published_analytical_application,published_analytical_application
20.0,30.0,3.0,0.5,0.00855998611111111,35.440272339233154,35.64731013554118,35.33793347920988,35.554826935357745,2.6913492708959508,2.5661257756035143,12679.24042408549,12821.103626646023,published_analytical_application,published_analytical_application
20.0,30.0,3.0,1.0,0.01711997222222222,35.440272339233154,35.85490180868001,35.33793347920988,35.771720391505596,2.6913492708959508,2.4409022803110823,12679.24042408549,12965.262719016675,published_analytical_application,published_analytical_application
20.0,30.0,3.0,1.5,0.02567995833333333,35.440272339233154,36.06303779371477,35.33793347920988,35.98861384765346,2.6913492708959508,2.315678785018646,12679.24042408549,13111.80554585181,published_analytical_application,published_analytical_application
20.0,30.0,3.0,2.0,0.03423994444444444,35.440272339233154,36.27170872046008,35.33793347920988,36.20550730380131,2.6913492708959508,2.190455289726214,12679.24042408549,13260.824849412966,published_analytical_application,published_analytical_application
20.0,30.0,3.25,0.0,0.0,35.83241117275998,35.83241117275998,35.74825851819381,35.74825851819381,2.454323403734474,2.454323403734474,15022.581392836935,15022.581392836935,published_analytical_application,published_analytical_application
20.0,30.0,3.25,0.5,0.009375,35.83241117275998,36.06402554647281,35.74825851819381,35.989650149571396,2.454323403734474,2.3149558803784966,15022.581392836935,15212.907384030914,published_analytical_application,published_analytical_application
20.0,30.0,3.25,1.0,0.01875,35.83241117275998,36.296302473283475,35.74825851819381,36.231041780949,2.454323403734474,2.1755883570225154,15022.581392836935,15406.82295717085,published_analytical_application,published_analytical_application
20.0,30.0,3.25,1.5,0.028124999999999997,35.83241117275998,36.52922931434573,35.74825851819381,36.472433412326595,2.454323403734474,2.0362208336665395,15022.581392836935,15604.486258663776,published_analytical_application,published_analytical_application
20.0,30.0,3.25,2.0,0.0375,35.83241117275998,36.76279371620929,35.74825851819381,36.71382504370419,2.454323403734474,1.8968533103105596,15022.581392836935,15806.065651097813,published_analytical_application,published_analytical_application
20.0,45.0,1.0,0.0,0.0,27.926011823117744,27.926011823117744,27.92368372880898,27.92368372880898,0.36058751830923397,0.36058751830923397,1189.7669979525247,1189.7669979525247,published_analytical_application,published_analytical_application
20.0,45.0,1.0,0.5,0.0033749999999999995,27.926011823117744,27.971959756735895,27.92368372880898,27.9701964536642,0.36058751830923397,0.3140747934540174,1189.7669979525247,1192.236492485497,published_analytical_application,published_analytical_application
20.0,45.0,1.0,1.0,0.006749999999999999,27.926011823117744,28.017986770185455,27.92368372880898,28.01670917851942,0.36058751830923397,0.26756206859879583,1189.7669979525247,1194.7099133649917,published_analytical_application,published_analytical_application
20.0,45.0,1.0,1.5,0.010124999999999999,27.926011823117744,28.064092474377563,27.92368372880898,28.063221903374636,0.36058751830923397,0.22104934374357926,1189.7669979525247,1197.1872844120555,published_analytical_application,published_analytical_application
20.0,45.0,1.0,2.0,0.013499999999999998,27.926011823117744,28.110276482113044,27.92368372880898,28.109734628229855,0.36058751830923397,0.17453661888836022,1189.7669979525247,1199.6686296164407,published_analytical_application,published_analytical_application
20.0,45.0,1.25,0.0,0.0,29.359527564104678,29.359527564104678,29.340521372337168,29.340521372337168,1.0562501535375874,1.0562501535375874,1904.2867274735877,1904.2867274735877,published_analytical_application,published_analytical_application
20.0,45.0,1.25,0.5,0.003893652777777778,29.359527564104678,29.420850711357435,29.340521372337168,29.39969860928077,1.0562501535375874,1.1154273904811873,1904.2867274735877,1909.3770631183145,published_analytical_application,published_analytical_application
20.0,45.0,1.25,1.0,0.007787305555555556,29.359527564104678,29.48228386936855,29.340521372337168,29.458875846224366,1.0562501535375874,1.1746046274247846,1904.2867274735877,1914.4794978001507,published_analytical_application,published_analytical_application
20.0,45.0,1.25,1.5,0.011680958333333335,29.359527564104678,29.543826351871996,29.340521372337168,29.518053083167967,1.0562501535375874,1.2337818643683842,1904.2867274735877,1919.5941257957559,published_analytical_application,published_analytical_application
20.0,45.0,1.25,2.0,0.015574611111111112,29.359527564104678,29.605477477091842,29.340521372337168,29.577230320111568,1.0562501535375874,1.292959101311984,1904.2867274735877,1924.7210423087897,published_analytical_application,published_analytical_application
20.0,45.0,1.5,0.0,0.0,30.62885688345964,30.62885688345964,30.54528885160839,30.54528885160839,2.2610181244875442,2.2610181244875442,2807.6683818237816,2807.6683818237816,published_analytical_application,published_analytical_application
20.0,45.0,1.5,0.5,0.004448930555555556,30.62885688345964,30.707095327297097,30.54528885160839,30.618265342368833,2.2610181244875442,2.333994615247988,2807.6683818237816,2817.0665219791817,published_analytical_application,published_analytical_application
20.0,45.0,1.5,1.0,0.008897861111111112,30.62885688345964,30.785480914950544,30.54528885160839,30.69124183312928,2.2610181244875442,2.4069711060084313,2807.6683818237816,2826.4959468318248,published_analytical_application,published_analytical_application
20.0,45.0,1.5,1.5,0.013346791666666667,30.62885688345964,30.864012525312912,30.54528885160839,30.764218323889725,2.2610181244875442,2.4799475967688798,2807.6683818237816,2835.9569656322738,published_analytical_application,published_analytical_application
20.0,45.0,1.5,2.0,0.017795722222222223,30.62885688345964,30.942689046580533,30.54528885160839,30.83719481465017,2.2610181244875442,2.5529240875293233,2807.6683818237816,2845.4498916736175,published_analytical_application,published_analytical_application
20.0,45.0,1.75,0.0,0.0,31.74956113871553,31.74956113871553,31.578227596259996,31.578227596259996,3.293960288139361,3.293960288139361,3907.1135808710874,3907.1135808710874,published_analytical_application,published_analytical_application
20.0,45.0,1.75,0.5,0.0050416666666666665,31.74956113871553,31.846210210545888,31.578227596259996,31.66613456988525,3.293960288139361,3.3818672617646155,3907.1135808710874,3923.1416838272776,published_analytical_application,published_analytical_application
20.0,45.0,1.75,1.0,0.010083333333333333,31.74956113871553,31.943050693250427,31.578227596259996,31.754041543510507,3.293960288139361,3.469774235389873,3907.1135808710874,3939.2411841034514,published_analytical_application,published_analytical_application
20.0,45.0,1.75,1.5,0.015125,31.74956113871553,32.04008085122296,31.578227596259996,31.841948517135766,3.293960288139361,3.557681209015133,3907.1135808710874,3955.4129635238723,published_analytical_application,published_analytical_application
20.0,45.0,1.75,2.0,0.020166666666666666,31.74956113871553,32.137298966439126,31.578227596259996,31.92985549076102,3.293960288139361,3.6455881826403878,3907.1135808710874,3971.657918757715,published_analytical_application,published_analytical_application
20.0,45.0,2.0,0.0,0.0,32.73307184527048,32.73307184527048,32.46498814087287,32.46498814087287,4.180734079156808,4.180734079156808,5206.787343230308,5206.787343230308,published_analytical_application,published_analytical_application
20.0,45.0,2.0,0.5,0.005671458333333333,32.73307184527048,32.84953336428649,32.46498814087287,32.568905484205764,4.180734079156808,4.284651422489707,5206.787343230308,5232.502644650173,published_analytical_application,published_analytical_application
20.0,45.0,2.0,1.0,0.011342916666666666,32.73307184527048,32.96623859848263,32.46498814087287,32.672822827538674,4.180734079156808,4.388568765822615,5206.787343230308,5258.365976344567,published_analytical_application,published_analytical_application
20.0,45.0,2.0,1.5,0.017014374999999998,32.73307184527048,33.08318496864807,32.46498814087287,32.77674017087158,4.180734079156808,4.492486109155517,5206.787343230308,5284.379586859266,published_analytical_application,published_analytical_application
20.0,45.0,2.0,2.0,0.022685833333333332,32.73307184527048,33.20036992662068,32.46498814087287,32.88065751420448,4.180734079156808,4.59640345248842,5206.787343230308,5310.54577226288,published_analytical_application,published_analytical_application
20.0,45.0,2.5,0.0,0.0,34.321185506158145,34.321185506158145,33.864489009990066,33.864489009990066,5.580336785569645,5.580336785569645,8405.197735605467,8405.197735605467,published_analytical_application,published_analytical_application
20.0,45.0,2.5,0.5,0.007041666666666666,34.321185506158145,34.480986616015564,33.864489009990066,34.0033676674786,5.580336785569645,5.719215443058177,8405.197735605467,8462.752944115033,published_analytical_application,published_analytical_application
20.0,45.0,2.5,1.0,0.014083333333333331,34.321185506158145,34.64116410580903,33.864489009990066,34.14224632496713,5.580336785569645,5.85809410054671,8405.197735605467,8520.818346543687,published_analytical_application,published_analytical_application
20.0,45.0,2.5,1.5,0.021124999999999998,34.321185506158145,34.801712778588396,33.864489009990066,34.281124982455665,5.580336785569645,5.996972758035245,8405.197735605467,8579.405133044338,published_analytical_application,published_analytical_application
20.0,45.0,2.5,2.0,0.028166666666666663,34.321185506158145,34.96262752092807,33.864489009990066,34.4200036399442,5.580336785569645,6.135851415523778,8405.197735605467,8638.524844170304,published_analytical_application,published_analytical_application
20.0,45.0,3.0,0.0,0.0,35.440272339233154,35.440272339233154,34.83039504358459,34.83039504358459,6.546486430662849,6.546486430662849,12355.784778946558,12355.784778946558,published_analytical_application,published_analytical_application
20.0,45.0,3.0,0.5,0.00855998611111111,35.440272339233154,35.64731013554118,34.83039504358459,35.00748780895492,6.546486430662849,6.723579196033176,12355.784778946558,12467.333031677572,published_analytical_application,published_analytical_application
20.0,45.0,3.0,1.0,0.01711997222222222,35.440272339233154,35.85490180868001,34.83039504358459,35.18458057432524,6.546486430662849,6.9006719614034955,12355.784778946558,12580.277093307495,published_analytical_application,published_analytical_application
20.0,45.0,3.0,1.5,0.02567995833333333,35.440272339233154,36.06303779371477,34.83039504358459,35.361673339695564,6.546486430662849,7.0777647267738235,12355.784778946558,12694.658622300587,published_analytical_application,published_analytical_application
20.0,45.0,3.0,2.0,0.03423994444444444,35.440272339233154,36.27170872046008,34.83039504358459,35.53876610506588,6.546486430662849,7.254857492144145,12355.784778946558,12810.521079891598,published_analytical_application,published_analytical_application
20.0,45.0,3.25,0.0,0.0,35.83241117275998,35.83241117275998,35.1653917873089,35.1653917873089,6.881635772024155,6.881635772024155,14576.932564805054,14576.932564805054,published_analytical_application,published_analytical_application
20.0,45.0,3.25,0.5,0.009375,35.83241117275998,36.06402554647281,35.1653917873089,35.362487228993274,6.881635772024155,7.078731213708525,14576.932564805054,14725.503861790654,published_analytical_application,published_analytical_application
20.0,45.0,3.25,1.0,0.01875,35.83241117275998,36.296302473283475,35.1653917873089,35.55958267067765,6.881635772024155,7.275826655392905,14576.932564805054,14876.222321773486,published_analytical_application,published_analytical_application
20.0,45.0,3.25,1.5,0.028124999999999997,35.83241117275998,36.52922931434573,35.1653917873089,35.75667811236202,6.881635772024155,7.4729220970772765,14576.932564805054,15029.161095974478,published_analytical_application,published_analytical_application
20.0,45.0,3.25,2.0,0.0375,35.83241117275998,36.76279371620929,35.1653917873089,35.95377355404639,6.881635772024155,7.670017538761648,14576.932564805054,15184.396970336576,published_analytical_application,published_analytical_application
33.3,15.0,1.0,0.0,0.0,38.58435092540675,38.58435092540675,27.44461901708602,27.44461901708602,27.12093330514157,27.12093330514157,1164.5549984529364,1164.5549984529364,published_analytical_application,published_analytical_application
33.3,15.0,1.0,0.5,0.0033749999999999995,38.58435092540675,38.61761945825348,27.44461901708602,27.508156580837483,27.12093330514157,27.10390846624533,1164.5549984529364,1167.8759103928016,published_analytical_application,published_analytical_application
33.3,15.0,1.0,1.0,0.006749999999999999,38.58435092540675,38.65097130272812,27.44461901708602,27.57169414458895,27.12093330514157,27.086883627349078,1164.5549984529364,1171.2037239199922,published_analytical_application,published_analytical_application
33.3,15.0,1.0,1.5,0.010124999999999999,38.58435092540675,38.68440624334876,27.44461901708602,27.635231708340413,27.12093330514157,27.069858788452834,1164.5549984529364,1174.538495771371,published_analytical_application,published_analytical_application
33.3,15.0,1.0,2.0,0.013499999999999998,38.58435092540675,38.71792406484189,27.44461901708602,27.698769272091877,27.12093330514157,27.052833949556586,1164.5549984529364,1177.8802832199858,published_analytical_application,published_analytical_application
33.3,15.0,1.25,0.0,0.0,39.63422583987708,39.63422583987708,29.380055244105485,29.380055244105485,26.602334705429335,26.602334705429335,1907.6860339087448,1907.6860339087448,published_analytical_application,published_analytical_application
33.3,15.0,1.25,0.5,0.003893652777777778,39.63422583987708,39.67967307978909,29.380055244105485,29.46089285309621,26.602334705429335,26.580674333382206,1907.6860339087448,1914.6536243844077,published_analytical_application,published_analytical_application
33.3,15.0,1.25,1.0,0.007787305555555556,39.63422583987708,39.725244634778356,29.380055244105485,29.541730462086935,26.602334705429335,26.559013961335076,1907.6860339087448,1921.6439740447443,published_analytical_application,published_analytical_application
33.3,15.0,1.25,1.5,0.011680958333333335,39.63422583987708,39.77094007750538,29.380055244105485,29.622568071077666,26.602334705429335,26.53735358928795,1907.6860339087448,1928.6573260880446,published_analytical_application,published_analytical_application
33.3,15.0,1.25,2.0,0.015574611111111112,39.63422583987708,39.81675898143331,29.380055244105485,29.703405680068393,26.602334705429335,26.515693217240816,1907.6860339087448,1935.6939270006785,published_analytical_application,published_analytical_application
33.3,15.0,1.5,0.0,0.0,40.58345547051167,40.58345547051167,31.025798449154493,31.025798449154493,26.161358690240963,26.161358690240963,2870.133874399211,2870.133874399211,published_analytical_application,published_analytical_application
33.3,15.0,1.5,0.5,0.004448930555555556,40.58345547051167,40.64253544476847,31.025798449154493,31.1254861894123,26.161358690240963,26.1346474407436,2870.133874399211,2883.2696192927046,published_analytical_application,published_analytical_application
33.3,15.0,1.5,1.0,0.008897861111111112,40.58345547051167,40.70179135006633,31.025798449154493,31.225173929670106,26.161358690240963,26.10793619124624,2870.133874399211,2896.4679143207627,published_analytical_application,published_analytical_application
33.3,15.0,1.5,1.5,0.013346791666666667,40.58345547051167,40.76122241913535,31.025798449154493,31.324861669927913,26.161358690240963,26.081224941748875,2870.133874399211,2909.7296253921304,published_analytical_application,published_analytical_application
33.3,15.0,1.5,2.0,0.017795722222222223,40.58345547051167,40.8208278869124,31.025798449154493,31.42454941018572,26.161358690240963,26.05451369225151,2870.133874399211,2923.0556344204747,published_analytical_application,published_analytical_application
33.3,15.0,1.75,0.0,0.0,41.43578777155725,41.43578777155725,32.43682055386409,32.43682055386409,25.783273271754183,25.783273271754183,4066.8184997619924,4066.8184997619924,published_analytical_application,published_analytical_application
33.3,15.0,1.75,0.5,0.0050416666666666665,41.43578777155725,41.509890153104166,32.43682055386409,32.55690371300599,25.783273271754183,25.751097086237532,4066.8184997619924,4089.739908610705,published_analytical_application,published_analytical_application
33.3,15.0,1.75,1.0,0.010083333333333333,41.43578777155725,41.5842321480157,32.43682055386409,32.676986872147886,25.783273271754183,25.71892090072088,4066.8184997619924,4112.8125868317375,published_analytical_application,published_analytical_application
33.3,15.0,1.75,1.5,0.015125,41.43578777155725,41.658812473489924,32.43682055386409,32.79707003128979,25.783273271754183,25.68674471520423,4066.8184997619924,4136.039216758769,published_analytical_application,published_analytical_application
33.3,15.0,1.75,2.0,0.020166666666666666,41.43578777155725,41.733629851796785,32.43682055386409,32.9171531904317,25.783273271754183,25.654568529687577,4066.8184997619924,4159.422546337768,published_analytical_application,published_analytical_application
33.3,15.0,2.0,0.0,0.0,42.1941161867833,42.1941161867833,33.64816391539036,33.64816391539036,25.45868232856505,25.45868232856505,5508.76244857134,5508.76244857134,published_analytical_application,published_analytical_application
33.3,15.0,2.0,0.5,0.005671458333333333,42.1941161867833,42.284527792178146,33.64816391539036,33.790117646276755,25.45868232856505,25.420645941011458,5508.76244857134,5546.43093330602,published_analytical_application,published_analytical_application
33.3,15.0,2.0,1.0,0.011342916666666666,42.1941161867833,42.37525617253759,33.64816391539036,33.932071377163155,25.45868232856505,25.382609553457865,5508.76244857134,5584.431118251528,published_analytical_application,published_analytical_application
33.3,15.0,2.0,1.5,0.017014374999999998,42.1941161867833,42.466299297511966,33.64816391539036,34.07402510804955,25.45868232856505,25.34457316590427,5508.76244857134,5622.770431139396,published_analytical_application,published_analytical_application
33.3,15.0,2.0,2.0,0.022685833333333332,42.1941161867833,42.55765514711222,33.64816391539036,34.21597883893594,25.45868232856505,25.306536778350672,5508.76244857134,5661.456534043892,published_analytical_application,published_analytical_application
33.3,15.0,2.5,0.0,0.0,43.437654795732534,43.437654795732534,35.55996292534565,35.55996292534565,24.94632018758014,24.94632018758014,9145.56232583447,9145.56232583447,published_analytical_application,published_analytical_application
33.3,15.0,2.5,0.5,0.007041666666666666,43.437654795732534,43.56402779379007,35.55996292534565,35.749674699511246,24.94632018758014,24.895487070897794,9145.56232583447,9234.029312205203,published_analytical_application,published_analytical_application
33.3,15.0,2.5,1.0,0.014083333333333331,43.437654795732534,43.6909181662393,35.55996292534565,35.93938647367685,24.94632018758014,24.844653954215445,9145.56232583447,9323.766482479696,published_analytical_application,published_analytical_application
33.3,15.0,2.5,1.5,0.021124999999999998,43.437654795732534,43.81832141839693,35.55996292534565,36.12909824784246,24.94632018758014,24.793820837533094,9145.56232583447,9414.817148133578,published_analytical_application,published_analytical_application
33.3,15.0,2.5,2.0,0.028166666666666663,43.437654795732534,43.94623308963902,35.55996292534565,36.31881002200806,24.94632018758014,24.742987720850746,9145.56232583447,9507.22675458226,published_analytical_application,published_analytical_application
33.3,15.0,3.0,0.0,0.0,44.32708832184294,44.32708832184294,36.87952275168135,36.87952275168135,24.59251025618741,24.59251025618741,13740.81901379361,13740.81901379361,published_analytical_application,published_analytical_application
33.3,15.0,3.0,0.5,0.00855998611111111,44.32708832184294,44.49279239948809,36.87952275168135,37.12143596792999,24.59251025618741,24.527689805255168,13740.81901379361,13919.78551838877,published_analytical_application,published_analytical_application
33.3,15.0,3.0,1.0,0.01711997222222222,44.32708832184294,44.65928614863357,36.87952275168135,37.36334918417863,24.59251025618741,24.462869354322933,13740.81901379361,14102.55418030646,published_analytical_application,published_analytical_application
33.3,15.0,3.0,1.5,0.02567995833333333,44.32708832184294,44.826560770342766,36.87952275168135,37.60526240042727,24.59251025618741,24.39804890339069,13740.81901379361,14289.310071566424,published_analytical_application,published_analytical_application
33.3,15.0,3.0,2.0,0.03423994444444444,44.32708832184294,44.99460755556205,36.87952275168135,37.84717561667591,24.59251025618741,24.333228452458453,13740.81901379361,14480.25148272626,published_analytical_application,published_analytical_application
33.3,15.0,3.25,0.0,0.0,44.641173145303355,44.641173145303355,37.33720402788026,37.33720402788026,24.469726912440102,24.469726912440102,16346.04880582032,16346.04880582032,published_analytical_application,published_analytical_application
33.3,15.0,3.25,0.5,0.009375,44.641173145303355,44.827297352532725,37.33720402788026,37.606441408033795,24.469726912440102,24.39758497385569,16346.04880582032,16588.577661510662,published_analytical_application,published_analytical_application
33.3,15.0,3.25,1.0,0.01875,44.641173145303355,45.01437795336254,37.33720402788026,37.87567878818733,24.469726912440102,24.325443035271274,16346.04880582032,16837.16893294583,published_analytical_application,published_analytical_application
33.3,15.0,3.25,1.5,0.028124999999999997,44.641173145303355,45.202403073025934,37.33720402788026,38.14491616834086,24.469726912440102,24.25330109668687,16346.04880582032,17092.166287428587,published_analytical_application,published_analytical_application
33.3,15.0,3.25,2.0,0.0375,44.641173145303355,45.39136097405306,37.33720402788026,38.4141535484944,24.469726912440102,24.181159158102453,16346.04880582032,17353.94215592985,published_analytical_application,published_analytical_application
33.3,30.0,1.0,0.0,0.0,38.58435092540675,38.58435092540675,33.52888036159338,33.52888036159338,19.0936198252949,19.0936198252949,1524.2367353881887,1524.2367353881887,published_analytical_application,published_analytical_application
33.3,30.0,1.0,0.5,0.0033749999999999995,38.58435092540675,38.61761945825348,33.52888036159338,33.585846582814256,19.0936198252949,19.060730362138315,1524.2367353881887,1528.1339608677076,published_analytical_application,published_analytical_application
33.3,30.0,1.0,1.0,0.006749999999999999,38.58435092540675,38.65097130272812,33.52888036159338,33.64281280403514,19.0936198252949,19.027840898981722,1524.2367353881887,1532.0442879935574,published_analytical_application,published_analytical_application
33.3,30.0,1.0,1.5,0.010124999999999999,38.58435092540675,38.68440624334876,33.52888036159338,33.699779025256014,19.0936198252949,18.994951435825136,1524.2367353881887,1535.9678369606877,published_analytical_application,published_analytical_application
33.3,30.0,1.0,2.0,0.013499999999999998,38.58435092540675,38.71792406484189,33.52888036159338,33.75674524647689,19.0936198252949,18.962061972668547,1524.2367353881887,1539.904729439169,published_analytical_application,published_analytical_application
33.3,30.0,1.25,0.0,0.0,39.63422583987708,39.63422583987708,35.26414500403793,35.26414500403793,18.0917642882215,18.0917642882215,2494.035099701263,2494.035099701263,published_analytical_application,published_analytical_application
33.3,30.0,1.25,0.5,0.003893652777777778,39.63422583987708,39.67967307978909,35.26414500403793,35.33662202148773,18.0917642882215,18.049919662686797,2494.035099701263,2502.59975672789,published_analytical_application,published_analytical_application
33.3,30.0,1.25,1.0,0.007787305555555556,39.63422583987708,39.725244634778356,35.26414500403793,35.40909903893752,18.0917642882215,18.0080750371521,2494.035099701263,2511.20858104218,published_analytical_application,published_analytical_application
33.3,30.0,1.25,1.5,0.011680958333333335,39.63422583987708,39.77094007750538,35.26414500403793,35.48157605638732,18.0917642882215,17.966230411617396,2494.035099701263,2519.8621396822646,published_analytical_application,published_analytical_application
33.3,30.0,1.25,2.0,0.015574611111111112,39.63422583987708,39.81675898143331,35.26414500403793,35.55405307383712,18.0917642882215,17.92438578608269,2494.035099701263,2528.561009778745,published_analytical_application,published_analytical_application
33.3,30.0,1.5,0.0,0.0,40.58345547051167,40.58345547051167,36.739677878070346,36.739677878070346,17.239864481562268,17.239864481562268,3758.5633054520417,3758.5633054520417,published_analytical_application,published_analytical_application
33.3,30.0,1.5,0.5,0.004448930555555556,40.58345547051167,40.64253544476847,36.739677878070346,36.829055460861355,17.239864481562268,17.18826231007836,3758.5633054520417,3775.4391678906554,published_analytical_application,published_analytical_application
33.3,30.0,1.5,1.0,0.008897861111111112,40.58345547051167,40.70179135006633,36.739677878070346,36.918433043652364,17.239864481562268,17.136660138594454,3758.5633054520417,3792.4414995192415,published_analytical_application,published_analytical_application
33.3,30.0,1.5,1.5,0.013346791666666667,40.58345547051167,40.76122241913535,36.739677878070346,37.00781062644337,17.239864481562268,17.085057967110544,3758.5633054520417,3809.5725224258604,published_analytical_application,published_analytical_application
33.3,30.0,1.5,2.0,0.017795722222222223,40.58345547051167,40.8208278869124,36.739677878070346,37.09718820923438,17.239864481562268,17.033455795626637,3758.5633054520417,3826.834513935567,published_analytical_application,published_analytical_application
33.3,30.0,1.75,0.0,0.0,41.43578777155725,41.43578777155725,38.00476486349417,38.00476486349417,16.509462617543086,16.509462617543086,5345.741779713073,5345.741779713073,published_analytical_application,published_analytical_application
33.3,30.0,1.75,0.5,0.0050416666666666665,41.43578777155725,41.509890153104166,38.00476486349417,38.112428478601245,16.509462617543086,16.447303000379087,5345.741779713073,5376.49443247143,published_analytical_application,published_analytical_application
33.3,30.0,1.75,1.0,0.010083333333333333,41.43578777155725,41.5842321480157,38.00476486349417,38.220092093708324,16.509462617543086,16.385143383215084,5345.741779713073,5407.56934021097,published_analytical_application,published_analytical_application
33.3,30.0,1.75,1.5,0.015125,41.43578777155725,41.658812473489924,38.00476486349417,38.32775570881541,16.509462617543086,16.322983766051077,5345.741779713073,5438.974098096607,published_analytical_application,published_analytical_application
33.3,30.0,1.75,2.0,0.020166666666666666,41.43578777155725,41.733629851796785,38.00476486349417,38.435419323922495,16.509462617543086,16.260824148887078,5345.741779713073,5470.716557819879,published_analytical_application,published_analytical_application
33.3,30.0,2.0,0.0,0.0,42.1941161867833,42.1941161867833,39.09082238293107,39.09082238293107,15.882413110415671,15.882413110415671,7280.088246497487,7280.088246497487,published_analytical_application,published_analytical_application
33.3,30.0,2.0,0.5,0.005671458333333333,42.1941161867833,42.284527792178146,39.09082238293107,39.21809461622655,15.882413110415671,15.808932452262159,7280.088246497487,7332.850818130977,published_analytical_application,published_analytical_application
33.3,30.0,2.0,1.0,0.011342916666666666,42.1941161867833,42.37525617253759,39.09082238293107,39.345366849522044,15.882413110415671,15.735451794108643,7280.088246497487,7386.363430565014,published_analytical_application,published_analytical_application
33.3,30.0,2.0,1.5,0.017014374999999998,42.1941161867833,42.466299297511966,39.09082238293107,39.47263908281752,15.882413110415671,15.661971135955131,7280.088246497487,7440.649364226319,published_analytical_application,published_analytical_application
33.3,30.0,2.0,2.0,0.022685833333333332,42.1941161867833,42.55765514711222,39.09082238293107,39.599911316113015,15.882413110415671,15.588490477801619,7280.088246497487,7495.73294448892,published_analytical_application,published_analytical_application
33.3,30.0,2.5,0.0,0.0,43.437654795732534,43.437654795732534,40.804869341244355,40.804869341244355,14.892699291841014,14.892699291841014,nan,nan,not_evaluated_beyond_sun_application_range,not_evaluated_beyond_sun_application_range
33.3,30.0,2.5,0.5,0.007041666666666666,43.437654795732534,43.56402779379007,40.804869341244355,40.97496026474272,14.892699291841014,14.794497251372523,nan,nan,not_evaluated_beyond_sun_application_range,not_evaluated_beyond_sun_application_range
33.3,30.0,2.5,1.0,0.014083333333333331,43.437654795732534,43.6909181662393,40.804869341244355,41.14505118824108,14.892699291841014,14.696295210904031,nan,nan,not_evaluated_beyond_sun_application_range,not_evaluated_beyond_sun_application_range
33.3,30.0,2.5,1.5,0.021124999999999998,43.437654795732534,43.81832141839693,40.804869341244355,41.31514211173945,14.892699291841014,14.598093170435538,nan,nan,not_evaluated_beyond_sun_application_range,not_evaluated_beyond_sun_application_range
33.3,30.0,2.5,2.0,0.028166666666666663,43.437654795732534,43.94623308963902,40.804869341244355,41.48523303523781,14.892699291841014,14.499891129967043,nan,nan,not_evaluated_beyond_sun_application_range,not_evaluated_beyond_sun_application_range
33.3,30.0,3.0,0.0,0.0,44.32708832184294,44.32708832184294,41.98789350824467,41.98789350824467,14.209417927303358,14.209417927303358,nan,nan,not_evaluated_beyond_sun_application_range,not_evaluated_beyond_sun_application_range
33.3,30.0,3.0,0.5,0.00855998611111111,44.32708832184294,44.49279239948809,41.98789350824467,42.20478696432649,14.209417927303358,14.084194432049053,nan,nan,not_evaluated_beyond_sun_application_range,not_evaluated_beyond_sun_application_range
33.3,30.0,3.0,1.0,0.01711997222222222,44.32708832184294,44.65928614863357,41.98789350824467,42.42168042040831,14.209417927303358,13.958970936794747,nan,nan,not_evaluated_beyond_sun_application_range,not_evaluated_beyond_sun_application_range
33.3,30.0,3.0,1.5,0.02567995833333333,44.32708832184294,44.826560770342766,41.98789350824467,42.63857387649013,14.209417927303358,13.833747441540437,nan,nan,not_evaluated_beyond_sun_application_range,not_evaluated_beyond_sun_application_range
33.3,30.0,3.0,2.0,0.03423994444444444,44.32708832184294,44.99460755556205,41.98789350824467,42.85546733257194,14.209417927303358,13.708523946286132,nan,nan,not_evaluated_beyond_sun_application_range,not_evaluated_beyond_sun_application_range
33.3,30.0,3.25,0.0,0.0,44.641173145303355,44.641173145303355,42.39820100535097,42.39820100535097,13.972361693672596,13.972361693672596,nan,nan,not_evaluated_beyond_sun_application_range,not_evaluated_beyond_sun_application_range
33.3,30.0,3.25,0.5,0.009375,44.641173145303355,44.827297352532725,42.39820100535097,42.63959263658741,13.972361693672596,13.832994170398113,nan,nan,not_evaluated_beyond_sun_application_range,not_evaluated_beyond_sun_application_range
33.3,30.0,3.25,1.0,0.01875,44.641173145303355,45.01437795336254,42.39820100535097,42.880984267823855,13.972361693672596,13.693626647123626,nan,nan,not_evaluated_beyond_sun_application_range,not_evaluated_beyond_sun_application_range
33.3,30.0,3.25,1.5,0.028124999999999997,44.641173145303355,45.202403073025934,42.39820100535097,43.1223758990603,13.972361693672596,13.554259123849143,nan,nan,not_evaluated_beyond_sun_application_range,not_evaluated_beyond_sun_application_range
33.3,30.0,3.25,2.0,0.0375,44.641173145303355,45.39136097405306,42.39820100535097,43.36376753029675,13.972361693672596,13.414891600574661,nan,nan,not_evaluated_beyond_sun_application_range,not_evaluated_beyond_sun_application_range
33.3,45.0,1.0,0.0,0.0,38.58435092540675,38.58435092540675,37.32820391855279,37.32820391855279,9.765107708053053,9.765107708053053,1819.9352143192118,1819.9352143192118,published_analytical_application,published_analytical_application
33.3,45.0,1.0,0.5,0.0033749999999999995,38.58435092540675,38.61761945825348,37.32820391855279,37.37471664340801,9.765107708053053,9.718594983197837,1819.9352143192118,1824.1203770470786,published_analytical_application,published_analytical_application
33.3,45.0,1.0,1.0,0.006749999999999999,38.58435092540675,38.65097130272812,37.32820391855279,37.421229368263226,9.765107708053053,9.672082258342613,1819.9352143192118,1828.3228354406654,published_analytical_application,published_analytical_application
33.3,45.0,1.0,1.5,0.010124999999999999,38.58435092540675,38.68440624334876,37.32820391855279,37.467742093118446,9.765107708053053,9.625569533487397,1819.9352143192118,1832.5427559500147,published_analytical_application,published_analytical_application
33.3,45.0,1.0,2.0,0.013499999999999998,38.58435092540675,38.71792406484189,37.32820391855279,37.51425481797366,9.765107708053053,9.579056808632178,1819.9352143192118,1836.780307262317,published_analytical_application,published_analytical_application
33.3,45.0,1.25,0.0,0.0,39.63422583987708,39.63422583987708,38.74504155870023,38.74504155870023,8.348270032825484,8.348270032825484,2967.5612195657436,2967.5612195657436,published_analytical_application,published_analytical_application
33.3,45.0,1.25,0.5,0.003893652777777778,39.63422583987708,39.67967307978909,38.74504155870023,38.804218795643834,8.348270032825484,8.289092795881885,2967.5612195657436,2976.995843489949,published_analytical_application,published_analytical_application
33.3,45.0,1.25,1.0,0.007787305555555556,39.63422583987708,39.725244634778356,38.74504155870023,38.86339603258743,8.348270032825484,8.229915558938286,2967.5612195657436,2986.4895020312447,published_analytical_application,published_analytical_application
33.3,45.0,1.25,1.5,0.011680958333333335,39.63422583987708,39.77094007750538,38.74504155870023,38.92257326953103,8.348270032825484,8.170738321994687,2967.5612195657436,2996.0430118494446,published_analytical_application,published_analytical_application
33.3,45.0,1.25,2.0,0.015574611111111112,39.63422583987708,39.81675898143331,38.74504155870023,38.981750506474626,8.348270032825484,8.111561085051088,2967.5612195657436,3005.657205641111,published_analytical_application,published_analytical_application
33.3,45.0,1.5,0.0,0.0,40.58345547051167,40.58345547051167,39.949808974784105,39.949808974784105,7.1435019986882216,7.1435019986882216,4463.8134750589625,4463.8134750589625,published_analytical_application,published_analytical_application
33.3,45.0,1.5,0.5,0.004448930555555556,40.58345547051167,40.64253544476847,39.949808974784105,40.02278546554455,7.1435019986882216,7.070525507927775,4463.8134750589625,nan,published_analytical_application,not_evaluated_beyond_sun_application_range
33.3,45.0,1.5,1.0,0.008897861111111112,40.58345547051167,40.70179135006633,39.949808974784105,40.095761956305,7.1435019986882216,6.9975490171673345,4463.8134750589625,nan,published_analytical_application,not_evaluated_beyond_sun_application_range
33.3,45.0,1.5,1.5,0.013346791666666667,40.58345547051167,40.76122241913535,39.949808974784105,40.168738447065444,7.1435019986882216,6.924572526406886,4463.8134750589625,nan,published_analytical_application,not_evaluated_beyond_sun_application_range
33.3,45.0,1.5,2.0,0.017795722222222223,40.58345547051167,40.8208278869124,39.949808974784105,40.24171493782588,7.1435019986882216,6.851596035646443,4463.8134750589625,nan,published_analytical_application,not_evaluated_beyond_sun_application_range
33.3,45.0,1.75,0.0,0.0,41.43578777155725,41.43578777155725,40.982747253520614,40.982747253520614,6.110559369123398,6.110559369123398,nan,nan,not_evaluated_beyond_sun_application_range,not_evaluated_beyond_sun_application_range
33.3,45.0,1.75,0.5,0.0050416666666666665,41.43578777155725,41.509890153104166,40.982747253520614,41.070654227145866,6.110559369123398,6.022652395498146,nan,nan,not_evaluated_beyond_sun_application_range,not_evaluated_beyond_sun_application_range
33.3,45.0,1.75,1.0,0.010083333333333333,41.43578777155725,41.5842321480157,40.982747253520614,41.15856120077112,6.110559369123398,5.934745421872896,nan,nan,not_evaluated_beyond_sun_application_range,not_evaluated_beyond_sun_application_range
33.3,45.0,1.75,1.5,0.015125,41.43578777155725,41.658812473489924,40.982747253520614,41.24646817439637,6.110559369123398,5.846838448247642,nan,nan,not_evaluated_beyond_sun_application_range,not_evaluated_beyond_sun_application_range
33.3,45.0,1.75,2.0,0.020166666666666666,41.43578777155725,41.733629851796785,40.982747253520614,41.33437514802162,6.110559369123398,5.758931474622392,nan,nan,not_evaluated_beyond_sun_application_range,not_evaluated_beyond_sun_application_range
33.3,45.0,2.0,0.0,0.0,42.1941161867833,42.1941161867833,41.86950590571344,41.86950590571344,5.2237836857201225,5.2237836857201225,nan,nan,not_evaluated_beyond_sun_application_range,not_evaluated_beyond_sun_application_range
33.3,45.0,2.0,0.5,0.005671458333333333,42.1941161867833,42.284527792178146,41.86950590571344,41.97342324904624,5.2237836857201225,5.119866342387327,nan,nan,not_evaluated_beyond_sun_application_range,not_evaluated_beyond_sun_application_range
33.3,45.0,2.0,1.0,0.011342916666666666,42.1941161867833,42.37525617253759,41.86950590571344,42.077340592379045,5.2237836857201225,5.015948999054522,nan,nan,not_evaluated_beyond_sun_application_range,not_evaluated_beyond_sun_application_range
33.3,45.0,2.0,1.5,0.017014374999999998,42.1941161867833,42.466299297511966,41.86950590571344,42.18125793571184,5.2237836857201225,4.912031655721724,nan,nan,not_evaluated_beyond_sun_application_range,not_evaluated_beyond_sun_application_range
33.3,45.0,2.0,2.0,0.022685833333333332,42.1941161867833,42.55765514711222,41.86950590571344,42.285175279044644,5.2237836857201225,4.808114312388925,nan,nan,not_evaluated_beyond_sun_application_range,not_evaluated_beyond_sun_application_range
33.3,45.0,2.5,0.0,0.0,43.437654795732534,43.437654795732534,43.2689913447722,43.2689913447722,3.824165550712164,3.824165550712164,nan,nan,not_evaluated_beyond_sun_application_range,not_evaluated_beyond_sun_application_range
33.3,45.0,2.5,0.5,0.007041666666666666,43.437654795732534,43.56402779379007,43.2689913447722,43.40787000225545,3.824165550712164,3.68528689322891,nan,nan,not_evaluated_beyond_sun_application_range,not_evaluated_beyond_sun_application_range
33.3,45.0,2.5,1.0,0.014083333333333331,43.437654795732534,43.6909181662393,43.2689913447722,43.546748659738704,3.824165550712164,3.5464082357456577,nan,nan,not_evaluated_beyond_sun_application_range,not_evaluated_beyond_sun_application_range
33.3,45.0,2.5,1.5,0.021124999999999998,43.437654795732534,43.81832141839693,43.2689913447722,43.685627317221964,3.824165550712164,3.407529578262401,nan,nan,not_evaluated_beyond_sun_application_range,not_evaluated_beyond_sun_application_range
33.3,45.0,2.5,2.0,0.028166666666666663,43.437654795732534,43.94623308963902,43.2689913447722,43.82450597470521,3.824165550712164,3.268650920779151,nan,nan,not_evaluated_beyond_sun_application_range,not_evaluated_beyond_sun_application_range
33.3,45.0,3.0,0.0,0.0,44.32708832184294,44.32708832184294,44.234858710495935,44.234858710495935,2.8579772488469812,2.8579772488469812,nan,nan,not_evaluated_beyond_sun_application_range,not_evaluated_beyond_sun_application_range
33.3,45.0,3.0,0.5,0.00855998611111111,44.32708832184294,44.49279239948809,44.234858710495935,44.41195147581234,2.8579772488469812,2.680884483530575,nan,nan,not_evaluated_beyond_sun_application_range,not_evaluated_beyond_sun_application_range
33.3,45.0,3.0,1.0,0.01711997222222222,44.32708832184294,44.65928614863357,44.234858710495935,44.58904424112874,2.8579772488469812,2.5037917182141736,nan,nan,not_evaluated_beyond_sun_application_range,not_evaluated_beyond_sun_application_range
33.3,45.0,3.0,1.5,0.02567995833333333,44.32708832184294,44.826560770342766,44.234858710495935,44.76613700644514,2.8579772488469812,2.326698952897772,nan,nan,not_evaluated_beyond_sun_application_range,not_evaluated_beyond_sun_application_range
33.3,45.0,3.0,2.0,0.03423994444444444,44.32708832184294,44.99460755556205,44.234858710495935,44.943229771761544,2.8579772488469812,2.1496061875813686,nan,nan,not_evaluated_beyond_sun_application_range,not_evaluated_beyond_sun_application_range
33.3,45.0,3.25,0.0,0.0,44.641173145303355,44.641173145303355,44.56983065064702,44.56983065064702,2.522803115900752,2.522803115900752,nan,nan,not_evaluated_beyond_sun_application_range,not_evaluated_beyond_sun_application_range
33.3,45.0,3.25,0.5,0.009375,44.641173145303355,44.827297352532725,44.56983065064702,44.76692609221614,2.522803115900752,2.325707674331632,nan,nan,not_evaluated_beyond_sun_application_range,not_evaluated_beyond_sun_application_range
33.3,45.0,3.25,1.0,0.01875,44.641173145303355,45.01437795336254,44.56983065064702,44.964021533785264,2.522803115900752,2.1286122327625043,nan,nan,not_evaluated_beyond_sun_application_range,not_evaluated_beyond_sun_application_range
33.3,45.0,3.25,1.5,0.028124999999999997,44.641173145303355,45.202403073025934,44.56983065064702,45.16111697535439,2.522803115900752,1.9315167911933846,nan,nan,not_evaluated_beyond_sun_application_range,not_evaluated_beyond_sun_application_range
33.3,45.0,3.25,2.0,0.0375,44.641173145303355,45.39136097405306,44.56983065064702,45.358212416923514,2.522803115900752,1.7344213496242598,nan,nan,not_evaluated_beyond_sun_application_range,not_evaluated_beyond_sun_application_range
